icao,name,callsign,country
AAA,Ansett Australia,ANSETT,Australia
AAB,Abelag Aviation,ABG,Belgium
AAC,Army Air Corps,ARMYAIR,United Kingdom
AAD,Aero Aviation Centre Ltd.,SUNRISE,Canada
AAF,Aigle Azur,AIGLE AZUR,France
AAG,Air Atlantique,ATLANTIC,United Kingdom
AAH,Aloha Airlines,ALOHA,United States
AAI,Air Aurora,BOREALIS,United States
AAJ,Air Alma,AIR ALMA,Canada
AAK,Alaska Island Air,ALASKA ISLAND,United States
AAL,American Airlines,AMERICAN,United States
AAM,Aviation Management Corporation,AM CORP,United States
AAN,Amsterdam Airlines,AMSTEL,Netherlands
AAO,Atlantis Airlines (USA),ATLANTIS AIR,United States
AAP,Aerovista Airlines,AEROVISTA GROUP,United Arab Emirates
AAQ,Copterline,COPTERLINE,Finland
AAR,Asiana Airlines,ASIANA,Republic of Korea
AAS,Askari Aviation,AL-AAS,Pakistan
AAT,Austrian Airtransport,,Austria
AAU,Australia Asia Airlines,AUSTASIA,Australia
AAV,Astro Air International,ASTRO-PHIL,United States
AAW,Afriqiyah Airways,AFRIQIYAH,Libya
AAX,Afric'air Express,AFREX,Ivory Coast
AAY,Allegiant Air,ALLEGIANT,United States
AAZ,Angus Aviation,ANGUS,Canada
ABA,Artem-Avia,ARTEM-AVIA,Ukraine
ABB,African Business and Transportations,AFRICAN BUSINESS-,Democratic Republic of the Congo
ABD,Air Atlanta Icelandic,ATLANTA,Iceland
ABE,Aban Air,ABAN,Iran
ABF,Aerial Oy,SKYWINGS,Finland
ABG,Abakan-Avia,ABAKAN-AVIA,Russia
ABH,Hokuriki-Koukuu Company,,Japan
ABI,Aviabus,,Russia
ABJ,Abaet,Abaet,Brazil
ABK,Alberta Citylink,ALBERTA CITYLINK,Canada
ABL,Air Busan,Air Busan,Republic of Korea
ABM,Aero Albatros,ALBATROS ESPANA,Spain
ABN,Air Fret Senegal, ,Senegal
ABO,APSA Colombia,AEROEXPRESO,Colombia
ABP,Aba Air,BAIR,Czech Republic
ABQ,Airblue,PAKBLUE,Pakistan
ABR,Air Contractors,CONTRACT,Ireland
ABS,Transwest Air,ATHABASKA,Canada
ABT,Air Brousse,AIR BROUSSE,Canada
ABU,Aerovias Bueno,AEROBUENO,Colombia
ABV,Antrak Air,ANTRAK,Ghana
ABW,AirBridge Cargo,AIRBRIDGE CARGO,Russia
ABX,ABX Air,ABEX,United States
ABY,Air Arabia,ARABIA,United Arab Emirates
ABZ,ATA Brasil,ATA-BRAZIL,Brazil
ACA,Air Canada,AIR CANADA,Canada
ACC,Avcard Services,,United Kingdom
ACD,Academy Airlines,ACADEMY,United States
ACE,Race Cargo Airlines,Fastcargo,Ghana
ACF,Centro de Formacion Aeronautica de Canarias,FORCAN,Spain
ACG,Air Partner,AIR PARTNER,United Kingdom
ACI,Air Caledonie International,AIRCALIN,France
ACK,Nantucket Airlines,ACK AIR,United States
ACL,Itali Airlines,ITALI,Italy
ACM,Air Caledonia,WEST CAL,Canada
ACN,Central American Airlines,AEROCENTRO,Nicaragua
ACO,Aero Comondu,AERO COMONDU,Mexico
ACP,Astral Aviation,ASTRAL CARGO,Kenya
ACQ,Nuevo Continente,AERO CONTINENTE,Peru
ACR,Aerocenter, Escuela de Formacion de Pioltos Privados de Avion,AEROCENTER
ACS,Air Cess,,Liberia
ACU,Air Cargo Transportation System,AFRISPIRIT,Kenya
ACV,Air Charter Service,,United Kingdom
ACW,Royal Air Force,AIR CADET,United Kingdom
ACX,Air Charters,PARAIR,Canada
ACY,Atlas Cargo Lines,ATLAS CARGOLINES,Morocco
ADA,Airservices Australia,AUSCAL,Australia
ADB,Antonov Airlines,ANTONOV BUREAU,Ukraine
ADC,Air Atlantic Dominicana,ATLAN-DOMINICAN,Dominican Republic
ADD,Advanced Air Co.,,Japan
ADE,Ada Air,ADA AIR,Albania
ADG,Aerea Flying Training Organization,AEREA TRAINING,Spain
ADH,Air One,HERON,Italy
ADI,Audeli Air,AUDELI,Spain
ADJ,Abicar,ABICAR,Ivory Coast
ADK,ADC Airlines,ADCO,Nigeria
ADL,Aero Dynamics,COTSWOLD,United Kingdom
ADM,Aerolineas Dominicanas,DOMINAIR,Dominican Republic
ADN,Aerodienst GmbH,AERODIENST,Germany
ADO,Hokkaido International Airlines,AIR DO,Japan
ADP,Aerodiplomatic,AERODIPLOMATIC,Mexico
ADQ,Avion Taxi,AIR DATA,Canada
ADR,Adria Airways,ADRIA,Slovenia
ADS,Aviones de Sonora,SONORAV,Mexico
ADT,Air Dorval,AIR DORVAL,Canada
ADU,Airdeal Oy,AIRDEAL,Finland
ADV,Advance Air Charters,ADVANCE,Canada
ADW,Air Andaman,AIR ANDAMAN,Thailand
ADX,Anderson Aviation,ANDAX,United States
ADY,Aerodyne,AERODYNE,United States
AEA,Air Europa,EUROPA,Spain
AEB,Aero Benin,AEROBEN,Benin
AEC,Aerocesar, Aerovias Del Cesar,AEROCESAR
AED,Aerotrans Airlines,,Russia
AEE,Aegean Airlines,AEGEAN,Greece
AEF,Aero Lloyd (YP),,Germany
AEG,Aerofumigaciones Sam,FUMIGACIONES SAM,Chile
AEH,Aviaexpress,Avex,Hungary
AEI,Aeroexpreso Interamericano,INTERAM,Colombia
AEJ,Air Express,KHAKI EXPRESS,Tanzania
AEK,Aerocon,AEROCON,Bolivia
AEL,Air Europe,AIR EUROPE,Italy
AEM,Aero Madrid,AEROMADRID,Spain
AEN,Aeroenlaces Nacionales,,Mexico
AEO,Aeroservicios Ejecutivos Del Occidente,AERO OCCIDENTE,Mexico
AEP,Aerotec,AEROTEC,Spain
AEQ,Air Express,LUNA,Sweden
AER,Alaska Central Express,ACE AIR,United States
AES,ACES Colombia,ACES,Colombia
AET,Aeronautical Radio of Thailand,AEROTHAI,Thailand
AEU,Astraeus,FLYSTAR,United Kingdom
AEV,Aeroventas,AEROVENTAS,Mexico
AEW,Aerosvit Airlines,AEROSVIT,Ukraine
AEX,Airway Express,AVCO,United States
AEY,Air Italy,AIR ITALY,Italy
AEZ,Aerial Transit Company,AERIAL TRANZ,United States
AFA,Alfa Air,BLUE ALFA,Czech Republic
AFB,American Falcon,AMERICAN FALCON,Argentina
AFC,African West Air,AFRICAN WEST,Senegal
AFD,Panorama Flight Service,AIRFED,United States
AFE,Airfast Indonesia,AIRFAST,Indonesia
AFG,Ariana Afghan Airlines,ARIANA,Afghanistan
AFH,Air Fecteau,FECTO,Canada
AFI,Africaone,AFRICAWORLD,Uganda
AFJ,Alliance,JAMBO,Uganda
AFK,Africa Air Links,AFRICA LINKS,Sierra Leone
AFL,Aeroflot Russian Airlines,AEROFLOT,Russia
AFO,Aero Empresa Mexicana,AERO EMPRESA,Mexico
AFP,Portuguese Air Force,PORTUGUESE AIR FORCE,Portugal
AFQ,Alba Servizi Aerotrasporti,ALBA,Italy
AFR,Air France,AIRFRANS,France
AFS,Air Data,,United Kingdom
AFU,Afrinat International Airlines,,Gambia
AFV,Air Afrique Vacancies,AFRIQUE VACANCE,Ivory Coast
AFW,Afrique Regional Airways,AFRAIR,Ivory Coast
AFX,Airfreight Express, ,United Kingdom
AFY,Africa Chartered Services,AFRICA CHARTERED,Nigeria
AFZ,Africa Freight Services,AFREIGHT,Zambia
AGA,Aeronaves Del Centro,,Venezuela
AGB,Air Service Gabon,,Gabon
AGC,Arab Agricultural Aviation Company,AGRICO,Egypt
AGE,Servicios Aereos de Los Angeles,AEROANGEL,Mexico
AGF,Atlantic Gulf Airlines,ATLANTIC GULF,United States
AGG,Algoma Airways,ALGOMA,Canada
AGH,Altagna,ALTAGNA,France
AGM,Air Guam,AIR GUAM,United States
AGN,Air Gabon,GOLF NOVEMBER,Gabon
AGO,Angola Air Charter,ANGOLA CHARTER,Angola
AGP,AERFI Group,AIR TARA,Ireland
AGQ,Aerogala,GALASERVICE,Chile
AGR,United States Department Of Agriculture,AGRICULTURE,United States
AGT,Amadeus Global Travel Distribution,AMADEUS,Spain
AGU,Angara Airlines,SARMA,Russia
AGV,Air Glaciers,AIR GLACIERS,Switzerland
AGW,Aero Gambia,AERO GAMBIA,Gambia
AGX,Aviogenex,GENEX,Serbia
AGY,Aero Flight Service,FLIGHT GROUP,United States
AGZ,Agrolet-Mci,AGROLET,Slovakia
AHA,Air Alpha Greenland,AIR ALPHA,Denmark
AHC,Azal Avia Cargo,AZALAVIACARGO,Azerbaijan
AHD,Czech Air Handling,AIRHANDLING,Czech Republic
AHE,Airport Helicopter Basel, Muller & Co.,AIRPORT HELICOPTER
AHF,Aspen Helicopters,ASPEN,United States
AHG,Aerochago Airlines,AEROCHAGO,Dominican Republic
AHH,Airplanes Holdings,AIRHOLD,Ireland
AHI,Servicios Aereos de Chihuahua Aerochisa,AEROCHISA,Mexico
AHK,Air Hong Kong,AIR HONG KONG,Hong Kong
AHM,Garrison Aviation,AIR HURON,Canada
AHO,Air Hamburg (AHO),Air Hamburg,Germany
AHP,Aerochiapas,AEROCHIAPAS,Mexico
AHR,Air Adriatic,ADRIATIC,Croatia
AHS,Air Viggi San Raffaele,AIRSAR,Italy
AHT,HTA Helicopteros,HELIAPRA,Portugal
AHU,ABC Air Hungary,ABC HUNGARY,Hungary
AHW,Aeromist-Kharkiv,AEROMIST,Ukraine
AHY,Azerbaijan Airlines,AZAL,Azerbaijan
AIA,Avies,AVIES,Estonia
AIB,Airbus Industrie,AIRBUS INDUSTRIE,France
AIC,Air India Limited,AIRINDIA,India
AIE,Air Inuit,AIR INUIT,Canada
AIF,Compania Aerea de Valencia,,Spain
AIG,Air Inter Gabon, ,Gabon
AIH,Alpine Air Chile,ALPINE CHILE,Chile
AII,Air Integra,INTEGRA,Canada
AIJ,ABC Aerolineas,ABC AEROLINEAS,Mexico
AIK,African Airlines International Limited,AFRICAN AIRLINES,Kenya
AIL,Air Illinois,AIR ILLINOIS,United States
AIM,Trabajos Aereos Murcianos,PIJO,Spain
AIN,African International Airways,FLY CARGO,Swaziland
AIO,United States Air Force,AIR CHIEF,United States
AIP,Alpine Air Express,ALPINE AIR,United States
AIQ,Thai AirAsia,THAI ASIA,Thailand
AIR,Airlift International,AIRLIFT,United States
AIS,Air Sureste,SURESTE,Spain
AIT,Airest, ,Estonia
AIU,Alicante Internacional Airlines,ALIA,Spain
AIV,Airvias S/A Linhas Aereas,AIRVIAS,Brazil
AIW,Atlantic Island Airways,TARTAN,Canada
AIX,Aircruising Australia,CRUISER,Australia
AIY,Aircrew Check and Training Australia,AIRCREW,Australia
AIZ,Arkia Israel Airlines,ARKIA,Israel
AJA,A J Services,AYJAY SERVICES,United Kingdom
AJB,Aero JBR,AERO JBR,Mexico
AJC,Bar Harbor Airlines,BAR HARBOR,United States
AJE,Aero Jet Express,JET EXPRESS,Mexico
AJF,Avia Consult Flugbetriebs,AVIACONSULT,Austria
AJI,Ameristar Jet Charter,AMERISTAR,United States
AJJ,A2 Jet Leasing,ATLANTIC JET,United States
AJK,Allied Air,BAMBI,Nigeria
AJM,Air Jamaica,JAMAICA,Jamaica
AJO,Aeroejecutivo,AEROEXO,Mexico
AJP,Aero Jets Corporativos,AEROJETS,Mexico
AJS,Aeroejecutivos Colombia,AEROEJECUTIVOS,Colombia
AJT,Amerijet International,AMERIJET,United States
AJU,Air Jetsul,AIRJETSUL,Portugal
AJV,ANA & JP Express,AYJAY CARGO,Japan
AJW,Alpha Jet International,ALPHAJET,United States
AJX,Air Japan,AIR JAPAN,Japan
AJY,Ajet,AYJET,Cyprus
AKA,Air Korea Co. Ltd.,,Republic of Korea
AKB,Aktjubavia,KARAB,Kazakhstan
AKC,Arca Aerovias Colombianas Ltda.,ARCA,Colombia
AKF,Anikay Air Company,ANIKAY,Kyrgyzstan
AKG,84 Squadron Royal Air Force @ RAF Akrotiri,GRIFTER,United Kingdom
AKH,Akhal,AKHAL,Turkmenistan
AKI,Ibk-Petra, ,Sudan
AKK,Aklak Air,AKLAK,Canada
AKL,Air Kiribati,,Kiribati
AKM,Mak Air,MAKAIR,Kazakhstan
AKN,Alkan Air,ALKAN AIR,Canada
AKR,Arctic Air,Arctic Norway,Norway
AKT,Karat,AVIAKARAT,Russia
AKW,Angkor Airways,ANGKORWAYS,Cambodia
AKX,Air Nippon Network Co. Ltd.,ALFA WING,Japan
AKY,Yak-Service,YAK-SERVICE,Russia
AKZ,AK Navigator LLC,ABSOLUTE,Kazakhstan
ALB,Aero Albatros,ALBATROS,Mexico
ALC,Southern Jersey Airways, Inc.,ACOM
ALD,Albion Aviation,ALBION,United Kingdom
ALE,Aeroalas Colombia,AEROALAS,Colombia
ALF,Allied Command Europe (Mobile Force),ACEFORCE,Belgium
ALG,Air Logistics,AIRLOG,United States
ALJ,Heli Ambulance Team,ALPIN HELI,Austria
ALK,SriLankan Airlines,SRILANKAN,Sri Lanka
ALL,Aerovallarta,VALLARTA,Mexico
ALM,Air ALM,ANTILLEAN,Netherlands Antilles
ALN,Air Lincoln,CHICAGO LINCOLN,United States
ALO,Allegheny Commuter Airlines,ALLEGHENY,United States
ALP,Alpliner AG,ALPINER,Switzerland
ALQ,Altair Aviation (1986),ALTAIR,Canada
ALR,Lineas Aereas Alaire S.L.,AEROLAIRE,Spain
ALS,Naka Nihon Airlines Service,,Japan
ALU,Air Luxor STP,LUXORJET,Sao Tome and Principe
ALV,Alas de Venezuela,ALVEN,Venezuela
ALW,Alas Nacionales, S.A.,ALNACIONAL
ALX,Hewa Bora Airways,ALLCONGO,Democratic Republic of the Congo
ALY,Alyeska Air Service,ALYESKA,United States
ALZ,Alta Flights (Charters) Ltd., ,Canada
AMA,ATMA,ADIK,Kazakhstan
AMB,Deutsche Rettungsflugwacht,CIVIL AIR AMBULANCE,Germany
AMC,Air Malta,AIR MALTA,Malta
AMD,Aerolineas Medellin,AEROLINEAS MEDELLIN,Colombia
AME,Spanish Air Force,AIRMIL,Spain
AMF,Ameriflight,AMFLIGHT,United States
AMG,Air Minas Linhas A,AIR MINAS,Brazil
AMH,Alan Mann Helicopters Ltd.,MANN,United Kingdom
AMI,Air Maldives,AIR MALDIVES,Maldives
AMJ,Aviation Amos,AVIATION AMOS,Canada
AMK,Amerer Air,AMER AIR,Austria
AML,Air Malawi,MALAWI,Malawi
AMM,Aeroputul International Marculesti,AEROM,Moldova
AMN,Air Montenegro,MONTENEGRO,Montenegro
AMO,Air Montreal (Air Holdings Inc.),AIR MONTREAL,Canada
AMP,Aero Transporte S.A. (ATSA),ATSA,Peru
AMQ,Aeromedicare Ltd.,LIFELINE,United Kingdom
AMR,Air Specialties Corporation,AIR AM,United States
AMS,Air Muskoka,AIR MUSKOKA,Canada
AMT,ATA Airlines,AMTRAN,United States
AMU,Air Macau,AIR MACAO,Macao
AMV,AMC Airlines,,Egypt
AMW,Air Midwest,AIR MIDWEST,United States
AMX,AeroMéxico,AEROMEXICO,Mexico
AMY,Air Ambar,AIR AMBAR,Dominican Republic
AMZ,Amiya Airline,AMIYA AIR,Nigeria
ANA,All Nippon Airways,ALL NIPPON,Japan
ANB,Air Navigation And Trading Co. Ltd.,AIR NAV,United Kingdom
ANC,Anglo Cargo,ANGLO,United Kingdom
AND,National Jet Service,AIR INDIANA,United States
ANE,Air Nostrum,AIR NOSTRUM,Spain
ANG,Air Niugini,NUIGINI,Papua New Guinea
ANH,Alajnihah for Air Transport,ALAJNIHAH,Libya
ANI,Air Atlantic (Nig) Limited,NIGALANTIC,Nigeria
ANK,Air Nippon,ANK AIR,Japan
ANL,Nacoia Lda,AIR NACOIA,Angola
ANM,Antares Airtransport, Maintenance & Service GmbH,ANTARES
ANO,Airnorth,TOPEND,Australia
ANQ,Aerol,ANTIOQUIA,Colombia
ANS,Andes Lineas Aereas,AEROANDES,Argentina
ANT,Air North Charter - Canada,AIR NORTH,Canada
ANU,Andalus Lineas Aereas,Andalus,Spain
ANV,Air Nevada,AIR NEVADA,United States
ANW,Aviacion Del Noroeste, S.A. de C.V.,AVINOR
ANX,Secretaria de Marina,SECRETARIA DEMARINA,Mexico
ANZ,Air New Zealand,NEW ZEALAND,New Zealand
AOA,Alcon Servicios Aereos, S.A. de C.V.,ALCON
AOC,AVCOM,AERO AVCOM,Russia
AOD,Aero Vodochody,AERO CZECH,Czech Republic
AOE,Air One Executive, ,Italy
AOF,Atair Pty Ltd.,ATAIR,South Africa
AOG,Aero VIP,AVIP,Argentina
AOI,Astoria, Inc.,ASTORIA
AOK,Aeroatlantico Colombia,,Colombia
AOL,Angkor Airlines,ANGKOR AIR,Cambodia
AOM,AOM French Airlines,French Lines,France
AON,Aero Entreprise,AERO ENTERPRISE,France
AOO,As, Opened Joint Stock Company,COMPANY AS
AOP,Aeropiloto,AEROPILOTO,Portugal
AOR,Afro International Ent. Limited,INTER-AFRO,Nigeria
AOS,Servicios Aerecs Del Sol, S.A. de C.V.,AEROSOL
AOT,Asia Overnight Express,ASIA OVERNIGHT,Philippines
AOU,Air Tractor,AIR TRACTOR,Croatia
AOV,Aero Vision,AEROVISION,France
AOW,Air Andaman (2Y),AIR ANDAMAN,Thailand
AOX,Aerotaxi Del Valle,AEROVALLE,Colombia
APA,Air Park Aviation Ltd.,CAN-AM,Canada
APC,Airpac Airlines, Inc.,AIRPAC
APD,Sabre Pacific,,Australia
APE,Parcel Express,AIR PARCEL,United States
APF,Amapola Flyg AB,AMAPOLA,Sweden
APG,Air People International,AIR PEOPLE,Thailand
APH,Alpha Aviation, Inc.,AIRFLIGHT
API,ASA Pesada, Lda.,ASA PESADA
APJ,Air Print, S.A.,AIR PRINT
APL,Appalachian Flying Service, Inc.,APPALACHIAN
APM,Airpac, Inc.,ALASKA PACIFIC
APO,Aeropro,AEROPRO,Canada
APP,Aerolineas Pacifico Atlantico, S.A. (Apair),AEROPERLAS
APQ,Aspen Aviation,ASPEN BASE,United States
APT,LAP Colombia - Lineas Aereas Petroleras, S.A.,LAP
APU,Aeropuma, S.A.,AEROPUMA
APV,Air Plan International,AIR PLAN,Democratic Republic of the Congo
APW,Arrow Air,BIG A,United States
APX,Apex Air Cargo,PARCEL EXPRESS,United States
APY,APA Internacional,APA INTERNACIONAL,Dominican Republic
AQA,Aeroatlas, S.A.,ATCO
AQL,Aquila Air Ltd.,AQUILA,Canada
AQN,Air Queensland,BUSHAIR,Australia
AQO,Aluminum Company Of America,ALCOA SHUTTLE,United States
AQT,Aviones de Renta de Quintana Roo, S.A. de C.V.,AVIOQUINTANA
AQU,AirQuarius Aviation,QUARIUS,South Africa
AQZ,Aerodyne Charter Company,QUANZA,United States
ARA,Arik Air,ARIK AIR,Nigeria
ARB,Avia Air N.V.,AVIAIR,Aruba
ARC,Air Routing International Corp., ,United States
ARD,Aerocondor,AEROCONDOR,Portugal
ARE,Aires, Aerovias de Integracion Regional, S.A.
ARF,Aero Flight,Aero Fox,Germany
ARG,Aerolineas Argentinas,ARGENTINA,Argentina
ARH,Arrowhead Airways,ARROWHEAD,United States
ARI,Aero Vics,AEROVICS,Mexico
ARJ,Aerojet de Costa Rica, S.A.,
ARK,Aero Link Air Services S.L.,LINK SERVICE,Spain
ARL,Airlec - Air Aquitaine Transport,AIRLEC,France
ARM,Aeromarket Express,AMEX,Spain
ARO,Arrow Aviation Ltd.,ARROW,Canada
ARP,RPA-Aviataxi Ltd.,,Russia
ARQ,Armstrong Air, Inc.,ARMSTRONG
ARR,Air Armenia,AIR ARMENIA,Armenia
ARS,Aeromet Servicios,METSERVICE,Chile
ART,Aerotal Aerolineas Territoriales de Colombia Ltda,AEROTAL,Colombia
ARU,Aruba Airlines,,Aruba
ARV,Aravco Ltd.,ARAVCO,United Kingdom
ARW,Aria,ARIABIRD,France
ARX,Air Xpress, Inc.,AIREX
ARY,Argosy Airways,GOSEY,United States
ARZ,Air Resorts,AIR RESORTS,United States
ASA,Alaska Airlines, Inc.,ALASKA
ASB,Air-Spray 1967 Ltd.,AIR SPRAY,Canada
ASC,Air Star Corporation,AIR STAR,Canada
ASD,Air Sinai,AIR SINAI,Egypt
ASE,Airstars,MOROZOV,Russia
ASF,Air Schefferville, Inc.,SCHEFF
ASG,African Star Airways (PTY) Ltd.,AFRICAN STAR,South Africa
ASH,Mesa Airlines,AIR SHUTTLE,United States
ASI,Aerosun International, Inc.,AEROSUN
ASJ,Air Satellite,SATELLITE,Canada
ASK,La Ronge Aviation Services,AIR SASK,Canada
ASL,Air Serbia,AIR SERBIA,Serbia
ASM,Awesome Flight Services (PTY) Ltd.,AWESOME,South Africa
ASN,Air and Sea Transport, ,Russia
ASO,Aero Slovakia,AERO NITRA,Slovakia
ASP,Airsprint,AIRSPRINT,Canada
ASQ,Atlantic Southeast Airlines,ACEY,United States
ASR,All Star Airlines, Inc.,ALL STAR
ASS,Air Class, S.A. de C.V.,AIR CLASS
AST,Aerlineas Del Oeste,AEROESTE,Mexico
ASU,Compania Boliviana de Transporte Aereo Privado Aerosur, S.A.,ASUR
ASV,Astravia-Bissau Air Transports Ltd.,ASTRAVIA,Guinea-Bissau
ASW,Air Southwest Ltd.,AIRSOUTHWEST,Canada
ASX,Air Special,AIRSPEC,Czech Republic
ASY,Royal Australian Air Force,AUSSIE,Australia
ASZ,Astrakhan Airlines,AIR ASTRAKHAN,Russia
ATA,Air Transport Association,,United States
ATB,Atlantair Ltd.,STARLITE,Canada
ATC,Air Tanzania,TANZANIA,Tanzania
ATD,Aerotours Dominicana,AEROTOURS,Dominican Republic
ATE,Atlantis Transportation Services, Ltd.,ATLANTIS CANADA
ATF,Compania Aerotecnicas Fotograficas,AEROTECNICAS,Spain
ATG,Aerotrans Airline,BACHYT,Kazakhstan
ATH,Air Travel Corp.,AIR TRAVEL,United States
ATI,Aero-Tropics Air Services,,Australia
ATJ,Air Traffic GmbH,SNOOPY,Germany
ATK,AeroTACA,AEROTACA,Colombia
ATL,Aerocentral,CENTRALMEX,Mexico
ATM,Airlines Of Tasmania,AIRTAS,Australia
ATN,Air Transport International,AIR TRANSPORT,United States
ATP,ASTRAL Colombia - Aerotransportes Especiales Ltda.,ASTRAL,Colombia
ATQ,Air Transport Schiphol,MULTI,Netherlands
ATR,Atlas Airlines,ATLAS-AIR,United States
ATS,Air Transport Service,,Democratic Republic of the Congo
ATT,Aer Turas,AERTURAS,Ireland
ATU,Atlant Aerobatics Ltd.,ATLANT HUNGARY,Hungary
ATV,Avanti Air,AVANTI AIR,Germany
ATW,Aero Trades (Western) Ltd.,AERO TRADES,Canada
ATX,Warwickshire Aerocentre Ltd.,AIRTAX,United Kingdom
AUA,Austrian Airlines,AUSTRIAN,Austria
AUB,Augsburg Airways,AUGSBURG-AIR,Germany
AUC,Transaustralian Air Express,AUSCARGO,Australia
AUD,Audi Air, Inc.,AUDI AIR
AUF,Augusta Air Luftfahrtunternehmen,AUGUSTA,Germany
AUH,Abu Dhabi Amiri Flight,SULTAN,United Arab Emirates
AUI,Ukraine International Airlines,UKRAINE INTERNATIONAL,Ukraine
AUJ,Business Flight Salzburg,AUSTROJET,Austria
AUK,AUOS,AUOS,United Kingdom
AUL,Aeroflot-Nord,DVINA,Russia
AUM,Air Atlantic Uruguay,ATLAMUR,Uruguay
AUN,Aviones Unidos,AVIONES UNIDOS,Mexico
AUO,Empresa (Aero Uruguay), S.A.,UNIFORM OSCAR
AUP,Avia Business Group,,Russia
AUR,Aurigny Air Services,AYLINE,United Kingdom
AUS,Aus-Air,,Australia
AUT,Austral Lineas Aereas,AUSTRAL,Argentina
AUU,Aurora Aviation, Inc.,AURORA AIR
AUX,Air Uganda International Ltd.,,Uganda
AUY,Aerolineas Uruguayas, S.A.,AUSA
AUZ,Australian Airlines,AUSTRALIAN,Australia
AVA,Avianca - Aerovias Nacionales de Colombia, S.A.,AVIANCA
AVB,Aviation Beaufort,BEAUPAIR,United Kingdom
AVD,Alamo Aviacion, S.L.,ALAMO
AVE,Avensa,Avensa,Venezuela
AVF,Aviair Aviation Ltd.,CARIBOO,Canada
AVG,Air Falcon,DJIBOUTI FALCON,Djibouti
AVH,AV8 Helicopters,KENT HELI,United Kingdom
AVJ,Avia Traffic Company,ATOMIC,Kyrgyzstan
AVK,AV8 Helicopters,AVIATE-COPTER,South Africa
AVM,Aviacion Ejecutiva Mexicana, S.A.,AVEMEX
AVN,Air Vanuatu,AIR VAN,Vanuatu
AVO,Aviation at Work,AVIATION WORK,South Africa
AVP,Avcorp Registrations,AVCORP,United Kingdom
AVQ,Aviation Services, Inc.,AQUILINE
AVR,Active Aero Charter, Inc.,ACTIVE AERO
AVS,Avialsa T-35,AVIALSA,Spain
AVT,Asia Avia Airlines,ASIAVIA,Indonesia
AVU,Avia Sud A,AVIASUD,France
AVV,Airvantage Incorporated,AIRVANTAGE,United States
AVW,Aviator Airways,AVIATOR,Greece
AVX,Aviapaslauga,PASLAUGA,Lithuania
AVY,Aerovaradero, S.A.,AEROVARADERO
AVZ,Air Valencia,AIR VALENCIA,Spain
AWA,Asia Wings,,Kazakhstan
AWB,Airways International, Inc.,AIRNAT
AWC,Titan Airways,ZAP,United Kingdom
AWD,Providence Aviation Services,,Pakistan
AWE,America West Airlines,CACTUS,United States
AWI,Air Wisconsin,AIR WISCONSIN,United States
AWJ,Sahel Airlines,SAHEL AIRLINES,Niger
AWK,Airwork,AIRWORK,New Zealand
AWL,Australian Wetleasing,AUSSIEWORLD,Australia
AWM,Asian Wings Airways,Asian Star,Burma
AWN,Air Niamey,AIR NIAMEY,Niger
AWO,Awood Air Ltd.,AWOOD AIR,Canada
AWQ,Indonesia AirAsia,WAGON AIR,Indonesia
AWR,Arctic Wings And Rotors Ltd.,ARCTIC WINGS,Canada
AWS,Arab Wings,ARAB WINGS,Jordan
AWT,Air West,AIR WEST,Canada
AWU,Aeroline GmbH,SYLT-AIR,Germany
AWV,Airwave Transport, Inc.,AIRWAVE
AWW,Air Wales,RED DRAGON,United Kingdom
AWY,Aeroway, S.L.,AEROWEE
AWZ,AirWest, ,Sudan
AXB,Air India Express,EXPRESS INDIA,India
AXC,Indochina Airlines,Airspup,Vietnam
AXD,Air Express,AIR SUDEX,Sudan
AXE,Air Explore,,Slovakia
AXF,Asian Express Airlines,FREIGHTEXPRESS,Australia
AXH,Aeromexhaga,AEROMEXHAGA,Mexico
AXI,Aeron International Airlines, Inc.,AIR FREIGHTER
AXK,African Express Airways,EXPRESS JET,Kenya
AXL,Air Exel,EXEL COMMUTER,Netherlands
AXM,AirAsia,ASIAN EXPRESS,Malaysia
AXN,Alexandair,ALEXANDROS,Greece
AXP,Aeromax,AEROMAX SPAIN,Spain
AXQ,Action Airlines (Action Air Charter),ACTION AIR,United States
AXR,Axel Rent, S.A.,RENTAXEL
AXS,Altus Airlines,ALTUS,United States
AXV,Aviaxess,AXAVIA,France
AXX,Avioimpex A.D.p.o.,IMPEX,Macedonia
AXY,Axis Airways,AXIS,France
AXZ,Aereonautica militare,,Italy
AYB,Belgian Army,BELGIAN ARMY,Belgium
AYD,Aladia Airlines,AIRLINES ALADIA,Mexico
AYK,Aykavia Aircompany,,Armenia
AYM,Airman, S.L.,AIRMAN
AYN,Atlantic Airlines, S.A.,ATLANTIC NICARAGUA
AYR,Flight Training Europe,CYGNET,Spain
AYS,Awsaj Aviation Services,,Libya
AYT,Ayeet Aviation & Tourism,AYEET,Israel
AYU,Yuhi Air Lines,,Japan
AYZ,Atlant-Soyuz Airlines,ATLANT-SOYUZ,Russia
AZA,Alitalia,ALITALIA,Italy
AZB,Azamat,TUMARA,Kazakhstan
AZE,Arcus-Air Logistic,ARCUS AIR,Germany
AZF,Air Zermatt AG,AIR ZERMATT,Switzerland
AZG,Sakaviaservice,SAKSERVICE,Georgia
AZI,Azzurra Air,AZZURRA,Italy
AZK,Azalhelikopter,AZALHELICOPTER,Azerbaijan
AZL,Africa One,SKY AFRICA,Zambia
AZM,Aerocozumel,AEROCOZUMEL,Mexico
AZN,Amaszonas,,Bolivia
AZP,Arizona Pacific Airways,ARIZONA PACIFIC,United States
AZQ,Silk Way Airlines,SILK LINE,Azerbaijan
AZR,Zenith Air,ZENAIR,South Africa
AZS,Aviacon Zitotrans Air Company,ZITOTRANS,Russia
AZT,Azimut, S.A.,AZIMUT
AZU,Azul,,Brazil
AZV,Azov Avia Airlines,AZOV AVIA,Ukraine
AZW,Air Zimbabwe,AIR ZIMBABWE,Zimbabwe
AZX,Air Max Africa,AZIMA,Gabon
AZY,Arizona Airways, Inc.,ARIZAIR
AZZ,Azza Transport,AZZA TRANSPORT,Sudan
BAA,Balkan Agro Aviation,BALKAN AGRO,Bulgaria
BAB,Bahrain Air BSC (Closed),AWAL,Bahrain
BAC,BAC Leasing Limited, ,United Kingdom
BAE,BAE Systems,FELIX,United Kingdom
BAF,Belgian Air Force,BELGIAN AIRFORCE,Belgium
BAG,dba,SPEEDWAY,Germany
BAH,The Amiri Flight,BAHRAIN,Bahrain
BAJ,Baker Aviation,BAKER AVIATION,United States
BAK,Blackhawk Airways,BLACKHAWK,United States
BAL,Britannia Airways,BRITANNIA,United Kingdom
BAM,Business Air Services,BUSINESS AIR,Canada
BAN,British Antarctic Survey,PENGUIN,United Kingdom
BAP,Trans International Express Aviation,BIG APPLE,United States
BAR,Bradly Air (Charter) Services,BRADLEY,Canada
BAS,Aero Services,AEROSERV,Barbados
BAT,Premiair,BALLISTIC,Luxembourg
BAU,Bissau Airlines,AIR BISSAU,Guinea-Bissau
BAV,Bay Aviation Ltd,BAY AIR,Bangladesh
BAW,British Airways,SPEEDBIRD,United Kingdom
BAX,Best Aero Handling Ltd,,Russia
BAY,Bayon Airlines,BAYON,Cambodia
BAZ,BAE Systems Flight Training,,Australia
BBA,Bannert Air,BANAIR,Austria
BBB,SwedJet Airways,BLACKBIRD,Sweden
BBC,Biman Bangladesh Airlines,BANGLADESH,Bangladesh
BBD,Bluebird Cargo,BLUE CARGO,Iceland
BBE,Ababeel Aviation,BABEL AIR,Sudan
BBG,Bluebird Airways (BZ),,Greece
BBL,IBM Euroflight Operations,BLUE,Switzerland
BBO,Flybaboo,BABOO,Switzerland
BBR,Santa Barbara Airlines,SANTA BARBARA,Venezuela
BBS,Beibars CJSC,BEIBARS,Kazakhstan
BBT,Air Bashkortostan,AGYDAL,Russia
BBV,Bravo Airlines,BRAVO EUROPE,Spain
BBZ,Blue Bird Aviation,COBRA,Kenya
BCB,Carib Express,WAVEBIRD,Barbados
BCC,BusinessAir,,Thailand
BCF,BACH Flugbetriebsges,BACH,Austria
BCH,Phillips Air,BEACHBALL,United States
BCI,Blue Islands,BLUE ISLAND,United Kingdom
BCK,Priority Aviation Company,BANKCHECK,United States
BCL,British Caribbean Airways,,United Kingdom
BCN,Ocean Air,BLUE OCEAN,Mauritania
BCR,British Charter,BACKER,United Kingdom
BCS,European Air Transport,EUROTRANS,Belgium
BCT,BCT Aviation,BOBCAT,United Kingdom
BCV,Business Aviation Center,BUSINESS AVIATION,Ukraine
BCY,CityJet,CITY-IRELAND,Ireland
BDA,Blue Dart Aviation,BLUE DART,India
BDF,Bissau Discovery Flying Club,BISSAU DISCOVERY,Guinea-Bissau
BDG,Mississippi State University,BULLDOG,United States
BDM,Air Bandama,BANDAMA,Ivory Coast
BDN,DERA Boscombe Down,GAUNTLET,United Kingdom
BDR,Badr Airlines,BADR AIR,Sudan
BDS,South Asian Airlines,SOUTH ASIAN,Bangladesh
BEA,Best Aviation Ltd,BEST AIR,Bangladesh
BEC,State Air Company Berkut,,Kazakhstan
BED,Belgorod Aviation Enterprise,BELOGORYE,Russia
BEE,Flybe,JERSEY,United Kingdom
BEF,Balear Express,BALEAR EXPRESS,Spain
BEH,Bel Air Helicopters,BLUECOPTER,Denmark
BEK,Berkut Air,BERKUT,Kazakhstan
BER,Air Berlin,AIR BERLIN,Germany
BES,Aero Services Executive,BIRD EXPRESS,France
BET,BETA - Brazilian Express Transportes Aereos,BETA CARGO,Brazil
BEU,Bateleur Air,,South Africa
BEZ,Kingfisher Air Services,SEA BREEZE,United States
BFA,Presidence Du Faso,,Burkina Faso
BFC,Basler Flight Service,BASLER,United States
BFF,Air Baffin,AIR BAFFIN,Canada
BFG,Bear Flight,BEARFLIGHT,Sweden
BFL,Buffalo Airways,BUFFALO,Canada
BFN,Compangnie Nationale Naganagani,,Burkina Faso
BFO,Bombardier,BOMBARDIER,Canada
BFR,Burkina Airlines,BURKLINES,Burkina Faso
BFS,Business Flight Sweden,BUSINESS FLIGHT,Sweden
BFW,Bahrain Defence Force,SUMMAN,Bahrain
BGA,Airbus Transport International,BELOUGA,France
BGD,Air Bangladesh,AIR BANGLA,Bangladesh
BGF,Aviodetachment-28,BULGARIAN,Bulgaria
BGG,Aero BG,AERO BG,Mexico
BGH,BH Air,BALKAN HOLIDAYS,Bulgaria
BGI,British Gulf International,BRITISH GULF,S
BGK,British Gulf International-Fez,GULF INTER,Kyrgyzstan
BGL,Benin Golf Air,BENIN GOLF,Benin
BGM,Bugulma Air Enterprise,BUGAVIA,Russia
BGR,Budget Air Bangladesh,BUDGET AIR,Bangladesh
BGT,Bergen Air Transport,BERGEN AIR,Norway
BGY,Bingo Airways,,Poland
BHA,Buddha Air,BUDDHA AIR,Nepal
BHC,Aerotaxis De La Bahia,BAHIA,Mexico
BHI,Balkh Airlines,SHARIF,Afghanistan
BHL,Bristow Helicopters,BRISTOW,United Kingdom
BHN,Bristow Helicopters Nigeria,BRISTOW HELICOPTERS,Nigeria
BHO,Bhoja Airlines,BHOJA,Pakistan
BHP,Belair Airlines,BELAIR,Switzerland
BHR,Bighorn Airways,BIGHORN AIR,United States
BHS,Bahamasair,BAHAMAS,Bahamas
BHT,Bright Air,BRIGHTAIR,Netherlands
BHV,Specavia Air Company,AVIASPEC,Russia
BHY,Bosphorus European Airways,BOSPHORUS,Turkey
BIB,Michelin Air Services,,France
BID,Binair,BINAIR,Germany
BIE,Air Mediterranee,MEDITERRANEE,France
BIG,Big Island Air,BIG ISLE,United States
BIH,British International Helicopters,BRINTEL,United Kingdom
BIL,Billund Air Center,BILAIR,Denmark
BIN,Boise Interagency Fire Center,BISON-AIR,United States
BIR,Bird Leasing,BIRD AIR,United States
BIS,Irbis Air,IRBIS,Kazakhstan
BIV,Aviaservice,AVIASERVICE,Georgia
BIZ,Bizjet Ltd,BIZZ,United Kingdom
BJA,Baja Air,BAJA AIR,Mexico
BJC,Baltic Jet Aircompany,BALTIC JET,Latvia
BJK,Atlantic Airlines,BLACKJACK,United States
BJS,Business Jet Solutions,SOLUTION,United States
BJT,ACM Aviation,BAY JET,United States
BKA,Bankair,BANKAIR,United States
BKF,BF-Lento OY,BAKERFLIGHT,Finland
BKH,RAF Barkston Heath,,United Kingdom
BKJ,Barken International,BARKEN JET,United States
BKL,Aircompany Barcol,BARCOL,Russia
BKP,Bangkok Airways,BANGKOK AIR,Thailand
BKR,Civil Air Patrol South Carolina Wing,BOX KAR,United States
BKV,Bukovyna,BUKOVYNA,Ukraine
BKY,Blue Sky America,,United States
BLA,All Charter Limited,ALL CHARTER,United Kingdom
BLB,Blue Bird Aviation,BLUEBIRD SUDAN,Sudan
BLC,Bellesavia,BELLESAVIA,Belarus
BLE,Blue Line,BLUE BERRY,France
BLF,Blue1,BLUEFIN,Finland
BLG,Belgavia,BELGAVIA,Belgium
BLH,Blue Horizon Travel Club,BLUE HORIZON,United States
BLI,Thyssen Krupp AG,BLUELINE,Germany
BLJ,Blue Jet,BLUEWAY,Spain
BLK,Westcoast Energy,BLUE FLAME,Canada
BLL,Baltic Airlines,BALTIC AIRLINES,Russia
BLM,Blue Airways,BLUE ARMENIA,Armenia
BLN,Bali International Air Service,BIAR,Indonesia
BLR,Atlantic Coast Airlines,BLUE RIDGE,United States
BLS,Bearskin Lake Air Service,BEARSKIN,Canada
BLT,Baltic Aviation,BALTAIR,United States
BLU,IMP Aviation Services,BLUENOSE,Canada
BLV,Bellview Airlines,BELLVIEW AIRLINES,Nigeria
BLW,Wermlandsflyg AB,BLUESTAR,Sweden
BLX,TUIfly Nordic,BLUESCAN,Sweden
BLY,Starair,BLARNEY,Ireland
BLZ,Aero Barloz,AEROLOZ,Mexico
BMA,bmi,MIDLAND,United Kingdom
BMD,British Medical Charter,BRITISH MEDICAL,United Kingdom
BME,Briggs Marine Environmental Services,BRIGGS,United Kingdom
BMH,Bristow Masayu Helicopters,MASAYU,Indonesia
BMI,bmibaby,BABY,United Kingdom
BMJ,Bemidji Airlines,BEMIDJI,United States
BMK,GST Aero Aircompany,MURAT,Kazakhstan
BML,Bismillah Airlines,BISMILLAH,Bangladesh
BMM,Atlas Blue,ATLAS BLUE,Morocco
BMN,Bowman Aviation,BOWMAN,United States
BMR,British Midland Regional,,United Kingdom
BMV,Alatau Airlines,OLIGA,Kazakhstan
BMW,BMW,BMW-FLIGHT,Germany
BMX,Banco de Mexico,BANXICO,Mexico
BNB,Aero Banobras,AEROBANOBRAS,Mexico
BNC,Sundance Air,BARNACLE AIR,United States
BND,Bond Offshore Helicopters,BOND,United Kingdom
BNE,Benina Air,BENINA AIR,Libya
BNF,Braniff International Airways,Braniff,United States
BNG,BN Group Limited,VECTIS,United Kingdom
BNI,Alberni Airways,ALBERNI,Canada
BNL,Blue Nile Ethiopia Trading,NILE TRADING,Ethiopia
BNR,Bonair Aviation,BONAIR,Canada
BNS,Bancstar - Valley National Corporation,BANCSTAR,United States
BNT,Bentiu Air Transport,BENTIU AIR,Sudan
BNV,Benane Aviation Corporation,BENANE,Mauritania
BNW,British North West Airlines,BRITISH NORTH,United Kingdom
BNX,LAI - Linea Aerea IAACA,AIR BARINAS,Venezuela
BNZ,Aerolineas Bonanza,AERO BONANZA,Mexico
BOA,Boniair,KUMANOVO,Macedonia
BOC,Aerobona,AEROBONA,Mexico
BOD,Bond Air Services,UGABOND,Uganda
BOE,Boeing,BOEING,United States
BOF,Bordaire,BORDAIR,Canada
BOI,Aboitiz Air,ABAIR,Philippines
BOL,Transportes Aereos Bolivianos,BOL,Bolivia
BON,Air Bosna,AIR BOSNA,Bosnia and Herzegovina
BOO,Bookajet Limited,BOOKAJET,United Kingdom
BOS,OpenSkies,MISTRAL,United Kingdom
BOT,Air Botswana,BOTSWANA,Botswana
BOU,Bouraq Indonesia Airlines,BOURAQ,Indonesia
BOV,Boliviana de Aviacion (OB),BOLIVIANA,Bolivia
BOX,Tiphook PLC,BOX,United Kingdom
BPA,Blue Panorama Airlines,BLUE PANOROMA,Italy
BPK,Berkhut ZK,VENERA,Kazakhstan
BPO,Bundepolizei-Fliegertruppe,PIROL,Germany
BPS,Budapest Aircraft Services/Manx2,BASE,Hungary
BPT,Bonus Aviation,BONUS,United Kingdom
BPX,British Petroleum Exploration,,Colombia
BQB,Buquebus Líneas Aéreas,,Uruguay
BRA,Braathens,Braathens,Norway
BRB,BRA-Transportes Aereos,BRA-TRANSPAEREOS,Brazil
BRD,Brock Air Services,BROCK AIR,Canada
BRE,Breeze Ltd,AVIABREEZE,Ukraine
BRF,Air Bravo,AIR BRAVO,Uganda
BRG,Bering Air,BERING AIR,United States
BRK,Briansk State Air Enterprise,BRIANSK-AVIA,Russia
BRL,Air Brasd'or,BRASD'OR,Canada
BRM,Air 500,BOOMERANG,Canada
BRN,Branson Airlines,BRANSON,United States
BRO,BASE Regional Airlines,COASTRIDER,Netherlands
BRP,Airport Bratsk,AEROBRA,Russia
BRQ,El-Buraq Air Transport,BURAQAIR,Libya
BRR,Mountain Air Service,MOUNTAIN AIR,United States
BRS,Brazilian Air Force,BRAZILIAN AIR FORCE,Brazil
BRT,British Regional Airlines,BRITISH,United Kingdom
BRU,Belavia Belarusian Airlines,BELARUS AVIA,Belarus
BRV,Bravo Air Congo,BRAVO,Democratic Republic of the Congo
BRW,Bright Aviation Services,BRIGHT SERVICES,Bulgaria
BRX,Buffalo Express Airlines,BUFF EXPRESS,United States
BRY,Burundayavia,BURAIR,Kazakhstan
BRZ,Samara Airlines,BERYOZA,Russia
BSA,Black Stallion Airways,Stallion,United States
BSB,Air Wings,ARBAS,Moldova
BSC,Bistair - Fez,BIG SHOT,Kyrgyzstan
BSD,Blue Star Airlines,AIRLINES STAR,Mexico
BSI,Brasair Transportes Aereos,BRASAIR,Brazil
BSJ,Blue Swann Aviation,BLUE SWANN,United Kingdom
BSK,Miami Air International,BISCAYNE,United States
BSM,Blue Sky Aviation,,Lebanon
BSN,Connectair Charters,BASTION,Canada
BSP,Global Airways,,Democratic Republic of Congo
BSR,Guine Bissaur Airlines,BISSAU AIRLINES,Guinea-Bissau
BSS,Bissau Aero Transporte,BISSAU AIRSYSTEM,Guinea-Bissau
BST,Best Air,TUNCA,Turkey
BSW,Blue Sky Airways,SKY BLUE,Czech Republic
BSX,Bassaka airlines,5B,Cambodia
BSY,Big Sky Airlines,BIG SKY,United States
BTA,ExpressJet,JET LINK,United States
BTC,BAL Bashkirian Airlines,BASHKIRIAN,Russia
BTH,Baltijas Helicopters,BALTIJAS HELICOPTERS,Latvia
BTI,Air Baltic,AIRBALTIC,Latvia
BTK,Baltyka,BALTYKA,Ukraine
BTL,Baltia Air Lines,BALTIA FLIGHT,United States
BTM,Air Batumi,,Georgia
BTP,Veritair Ltd,NET RAIL,United Kingdom
BTQ,Boutique Air (Priv),,United States
BTR,Botir-Avia,BOTIR-AVIA,Kyrgyzstan
BTS,Aerotaxis Albatros,AEROLINEAS ALBATROS,Mexico
BTT,BT-Slavuta,BEETEE-SLAVUTA,Ukraine
BTU,Rolls-Royce plc,ROLLS,United Kingdom
BTV,Metro Batavia,BATAVIA,Indonesia
BUB,Air Bourbon,BOURBON,Reunion
BUC,Bulgarian Air Charter,BULGARIAN CHARTER,Bulgaria
BUE,Orebro Aviation,BLUELIGHT,Sweden
BUL,Blue Airlines,BLUE AIRLINES,Democratic Republic of the Congo
BUN,Buryat Airlines Aircompany,BURAL,Russia
BUR,Air Bucharest,,Romania
BUU,Baikotovitchestrian Airlines ,,American Samoa
BUZ,buzz,,
BVA,Buffalo Airways,BUFFALO AIR,United States
BVC,Bulgarian Aeronautical Centre,BULGARIAN WINGS,Bulgaria
BVN,Baron Aviation Services,SHOW-ME,United States
BVR,ACM Air Charter,BAVARIAN,Germany
BVT,Berjaya Air,BERJAYA,Malaysia
BVU,Bellview Airlines, Sierra Leone,
BVV,Spark+ Joint-Stock Company,SPARK,Russia
BWA,Caribbean Airlines,CARIBBEAN AIRLINES,Trinidad and Tobago
BWG,Blue Wings,BLUE WINGS,Germany
BWI,Blue Wing Airlines,BLUE TAIL,Suriname
BWL,BWA (2002) Ltd,BRITWORLD,United Kingdom
BWY,Fleet Requirements Air Direction Unit,BROADWAY,United Kingdom
BXA,Bahrain Executive Air Services,BEXAIR,Bahrain
BXH,Bar XH Air,PALLISER,Canada
BXI,Brussels International Airlines,XENIA,Belgium
BXR,Redding Aero Enterprises,BOXER,United States
BXS,Spantax S.A.,,Spain
BYA,Berry Aviation,BERRY,United States
BYC,Northern Airlines Sanya,BEIYA,China
BYE,Bayu Indonesia Air,BAYU,Indonesia
BYL,Bylina Joint-Stock Company,BYLINA,Russia
BYR,Berytos Airlines,,Lebanon
BYT,Patriot Aviation Limited,BYTE,United Kingdom
BZA,Bizair Fluggesellschaft,BERLIN BEAR,Germany
BZD,Canadian Global Air Ambulance,BLIZZARD,Canada
BZE,BRAZIL AIR,BRAZIL AIR,Brazil
BZF,Jet Aviation Business Jets,BIZFLEET,United States
BZH,Brit Air,BRITAIR,France
BZL,Aero Brazil,,Brazil
BZS,Aero Biniza,BINIZA,Mexico
BZZ,Butane Buzzard Aviation Corporation,BUZZARD,United Kingdom
CAA,Atlantic Southeast Airlines,Chandler,United States
CAB,Chesapeake Air Service,CHESAPEAKE AIR,United States
CAC,Conquest Airlines,CONQUEST AIR,United States
CAD,Chilliwack Aviation,CHILLIWACKAIR,Canada
CAE,Colibri Aviation,HUMMINGBIRD,Canada
CAG,China National Aviation Corporation,CHINA NATIONAL,China
CAH,Charlan Air Charter,CHARLAN,South Africa
CAI,Corendon Airlines,CORENDON,Turkey
CAJ,Air Caraibes Atlantique,CAR LINE,France
CAK,Congo Air,,Bahamas
CAL,China Airlines,DYNASTY,Taiwan
CAM,Camai Air,AIR CAMAI,United States
CAN,Crest Aviation,CREST,United Kingdom
CAO,Air China Cargo,AIRCHINA FREIGHT,China
CAP,CanXplorer,,Canada
CAQ,Cityair (Chester) Limited,AIR CHESTER,United Kingdom
CAR,Inter RCA,QUEBEC ROMEO,Central African Republic
CAS,Christman Air System,CHRISTMAN,United States
CAT,Copenhagen Airtaxi,AIRCAT,Denmark
CAV,Calm Air,CALM AIR,Canada
CAW,Comair,COMMERCIAL,South Africa
CAX,Central Air Express,CENTRAL EXPRESS,Democratic Republic of Congo
CAY,Cayman Airways,CAYMAN,Cayman Islands
CAZ,Cat Aviation,EUROCAT,Switzerland
CBA,Civil Aviation Inspectorate of the Czech Republic,CALIBRA,Czech Republic
CBB,Cheboksary Airenterprise JSC,CHEBAIR,Russia
CBC,Caribair,CARIBAIR,Dominican Republic
CBD,Lockheed Martin Aeronautics,CATBIRD,United States
CBE,Aerovias Caribe,AEROCARIBE,Mexico
CBF,China Northern Airlines,CHINA NORTHERN,China
CBG,GX Airlines,SPRAY,China
CBI,CABI,CABI,Ukraine
CBL,Cumberland Airways (Nicholson Air Service),CUMBERLAND,United States
CBM,Cherokee Express,BLUE MAX,United States
CBN,Swedish Civil Aviation Administration,CALIBRATION,Sweden
CBO,Aerotaxi del Cabo,TAXI CABO,Mexico
CBR,Cabair College of Air Training,CABAIR,United Kingdom
CBS,Air Columbus,AIR COLUMBUS,Ukraine
CBT,Catalina Flying Boats,CATALINA AIR,United States
CBV,Aero Cabo,CABOAEREO,Mexico
CBY,Coningsby Flying Training Unit,TYPHOON,United Kingdom
CCA,Air China,AIR CHINA,China
CCB,CARICOM AIRWAYS (BARBADOS) INC.,,Barbados
CCC,CCML Airlines,,Colombia
CCE,Cairo Air Transport Company,,Egypt
CCF,CCF Manager Airline,TOMCAT,Germany
CCG,Central Connect Airlines,,Czech Republic
CCH,Chilchota Taxi Aereo,CHILCHOTA,Mexico
CCI,Capital Cargo International Airlines,CAPPY,United States
CCK,Flight Trac,CABLE CHECK,United States
CCM,Corse-Mediterranee,CORSICA,France
CCP,Champion Air,CHAMPION AIR,United States
CCQ,Capital City Air Carriers,CAP CITY,United States
CCV,Centro De Helicopteros Corporativos,HELICORPORATIVO,Mexico
CCW,Coptrade Air Transport,COPTRADE AIR,Sudan
CCX,Colt International,,United States
CCY,Cherry Air,CHERRY,United States
CDA,Aerocardal,CARDAL,Chile
CDE,Comed Group,COMEX,United Kingdom
CDG,Shandong Airlines,SHANDONG,China
CDI,Cards Air Services,CARDS,Philippines
CDL,Sunbird Airlines,CAROLINA,United States
CDM,Carga Aerea Dominicana,CARGA AEREA,Dominican Republic
CDN,Canadian Airlines,CANADIAN,Canada
CDP,Aero Condor Peru,CONDOR-PERU,Peru
CDR,Canadian Regional Airlines,CANADIAN REGIONAL,Canada
CDS,Spectrem Air,SPECDAS,South Africa
CDT,Real Aero Club de Reus-Costa Dorado,AEROREUS,Spain
CDU,Aerotrans,,Russia
CDV,Airline Skol,SKOL,Russia
CDY,Heliaviation Limited,CADDY,United Kingdom
CEA,RegionsAir,CORP-X,United States
CEB,Cebu Pacific,CEBU AIR,Philippines
CEC,Celtic Airways,CELTAIR,United Kingdom
CED,CEDTA (Compania Ecuatoriana De Transportes Aereos),CEDTA,Ecuador
CEE,Servicios Aereos Centrales,CENTRA AEREOS,Mexico
CEF,Czech Air Force,CZECH AIR FORCE,Czech Republic
CEG,Cega Aviation,CEGA,United Kingdom
CEL,CEIBA Intercontinental,CEIBA LINE,Equatorial Guinea
CEM,Central Mongolia Airways,CENTRAL MONGOLIA,Mongolia
CEO,Comfort Express Virtual Charters,,United States
CEP,Chipola Aviation,CHIPOLA,United States
CER,Cetraca Aviation Service,CETRACA,Democratic Republic of the Congo
CES,China Eastern Airlines,CHINA EASTERN,China
CET,Centrafrican Airlines,CENTRAFRICAIN,Central African Republic
CEV,Cente D'Essais En Vol,CENTEV,France
CEX,Capitol Air Express,CAPITOL EXPRESS,United States
CEY,Air Century,,Dominican Republic
CFA,China Flying Dragon Aviation,FEILONG,China
CFC,Canadian Forces,CANFORCE,Canada
CFD,Cranfield University,AERONAUT,United Kingdom
CFE,BA CityFlyer,FLYER,United Kingdom
CFF,Aerofan,AEROFAN,Spain
CFG,Condor Flugdienst,CONDOR,Germany
CFH,Care Flight,CARE FLIGHT,Australia
CFI,Flight Inspection Center of the General Administration of Civil Aviation in China,CHINA JET,China
CFJ,Fujian Airlines,FUJIAN,China
CFL,Swedish Airlines,SWEDISH,Sweden
CFM,ACEF,ACEF,Portugal
CFN,Church Fenton Flying Training Unit,CHURCH FENTON,United Kingdom
CFP,Compania de Aviacion Faucett,,Peru
CFR,Africa One,,Democratic Republic of the Congo
CFS,Empire Airlines,EMPIRE AIR,United States
CFT,Jet Freighters,CASPER FREIGHT,United States
CFU,United Kingdom Civil Aviation Authority,MINAIR,United Kingdom
CFV,Aero Calafia,CALAFIA,Mexico
CFZ,Zhongfei General Aviation,ZHONGFEI,China
CGA,Congressional Air,CONGRESSIONAL,United States
CGB,Air Cargo Belize,CARGO BELIZE,Belize
CGC,Cal Gulf Aviation,CAL-GULF,Sao Tome and Principe
CGD,Charlotte Air National Guard,,United States
CGE,Nelson Aviation College,COLLEGE,New Zealand
CGG,Walmart Aviation,CHARGE,United States
CGH,Guizhou Airlines,GUIZHOU,China
CGI,Rusair JSAC,CGI-RUSAIR,Russia
CGK,Click Airways,CLICK AIR,Kyrgyzstan
CGL,Seagle Air,SEAGLE,Slovakia
CGM,Cargoman,HOTEL CHARLIE,Oman
CGN,Changan Airlines,CHANGAN,China
CGO,Chicago Air,WILD ONION,United States
CGP,Cargo Plus Aviation,,United Arab Emirates
CGR,Compagnia Generale Ripreseaeree,COMPRIP,Italy
CGS,Centre of Applied Geodynamica,GEO CENTRE,Russia
CGU,Chinguetti Airlines,CHINGUETTI,Mauritania
CGV,Aero Clube Do Algarve,CLUBE ALGARVE,Portugal
CGW,Air Great Wall,CHANGCHENG,China
CGX,United States Coast Guard Auxiliary,COASTGUARD AUXAIR,United States
CGY,Corporacion Paraguaya De Aeronautica,,Paraguay
CHA,Central Flying Service,CHARTER CENTRAL,United States
CHB,West Air China,WEST CHINA,China
CHC,China Ocean Helicopter Corporation,CHINA HELICOPTER,China
CHD,223 Flight Unit State Airline,CHKALOVSK-AVIA,Russia
CHE,Top Flight Air Service,CHECK AIR,United States
CHF,Chitaavia,CHITA,Russia
CHG,AC Challenge Aero,SKY CHALLENGER,Ukraine
CHH,Hainan Airlines,HAINAN,China
CHI,Cougar Helicopters,COUGAR,Canada
CHJ,Aircompany Chaika,AIR CHAIKA,Ukraine
CHK,Chalk's Ocean Airways,CHALKS,United States
CHL,Cohlmia Aviation,COHLMIA,United States
CHM,Chemech Aviation,,Pakistan
CHN,Channel Island Aviation,CHANNEL,United States
CHO,Chrome Air Services,CHROME AIR,United States
CHP,Consorcio Aviaxsa,AVIACSA,Mexico
CHQ,Chautauqua Airlines,CHAUTAUQUA,United States
CHR,Air Charter Services,ZAIRE CHARTER,Democratic Republic of the Congo
CHS,Challenge Aviation,CHALLENGE AVIATION,Australia
CHU,Church Aircraft,CHURCHAIR,United States
CHV,Air Charter Professionals,CHARTAIR,United States
CHW,Charter Air,CHARTER WIEN,Austria
CHZ,Cherline,CHERL,Russia
CIA,Civil Aviation Authority,CALIMERA,Slovakia
CIB,Condor,CONDOR BERLIN,Germany
CIC,ICC Canada,AIR TRADER,Canada
CID,Asia Continental Airlines,ACID,Kazakhstan
CIE,Czech Government Flying Service,CZECHIA,Czech Republic
CIF,CB Airways UK ( Interliging Flights ),,United Kingdom
CIG,Sirius-Aero,SIRIUS AERO,Russia
CII,Cityfly,CITYFLY,Italy
CIK,Country International Airlines,COUNTRY AIR,Kyrgyzstan
CIL,Cecil Aviation,CECIL,United Kingdom
CIM,Cimber Air,CIMBER,Denmark
CIO,Il Ciocco International Travel Service,CIOCCO,Italy
CIP,City-Air Germany,,Germany
CIR,Arctic Circle Air Service,AIR ARCTIC,United States
CIU,Cielos Airlines,CIELOS,Peru
CIV,Civil Aviation Authority of New Zealand,CIVAIR,New Zealand
CIW,Civair Airways,CIVFLIGHT,South Africa
CIX,City Connexion Airlines,CONNEXION,Burundi
CJA,CanJet,CANJET,Canada
CJC,Colgan Air,COLGAN,United States
CJE,Aeroservices Corporate,BIRD JET,France
CJG,Zhejiang Airlines,ZHEJIANG,China
CJI,Corporate Jets,SEA JET,United States
CJR,Caverton Helicopters,CAVERTON AIR,Nigeria
CJS,Commonwealth Jet Service,COMMONWEALTH,United States
CJT,Cargojet Airways,CARGOJET,Canada
CKA,Cook Inlet Aviation,COOK-AIR,United States
CKC,CKC Services,,United States
CKE,Corporate Aviation Services,CHECKMATE,United States
CKK,China Cargo Airlines,CARGO KING,China
CKL,Aviation Charter Services,CIRCLE CITY,United States
CKM,BKS Air (Rivaflecha),COSMOS,Spain
CKR,Crown Air Systems,CROWN AIR,United States
CKS,Kalitta Air,CONNIE,United States
CLA,Comlux Aviation,COMLUX,Switzerland
CLB,Flight Precision Limited,CALIBRATOR,United Kingdom
CLD,Clowes Estates Limited,CLOWES,United Kingdom
CLE,Colemill Enterprises,COLEMILL,United States
CLF,Bristol Flying Centre,CLIFTON,United Kingdom
CLG,Chalair Aviation,CHALLAIR,France
CLH,Lufthansa CityLine,HANSALINE,Germany
CLI,Calima Aviacion,CALIMA,Spain
CLJ,Cello Aviation,CELLOJET,United Kingdom
CLK,Clark Aviation,CLARKAIR,United States
CLL,Aerovias Castillo,AEROCASTILLO,Mexico
CLM,Cargo Link (Caribbean),CARGO LINK,Barbados
CLN,Barnes Olsen Aeroleasing,SEELINE,United Kingdom
CLP,Aero Club De Portugal,CLUB PORTUGAL,Portugal
CLR,Trans America,CLINTON AIRWAYS,United States
CLS,Challenge Air Transport,AIRISTO,Germany
CLT,Caribbean Air Transport,CARIBBEAN,Netherlands
CLU,Triple Alpha,CAROLUS,Germany
CLV,Lom Praha Flying School,AEROTRAINING,Czech Republic
CLW,Centralwings,CENTRALWINGS,Poland
CLX,Cargolux,CARGOLUX,Luxembourg
CLY,Clay Lacy Aviation,CLAY-LACY,United States
CLZ,Cloud 9 Air Charters,CLOUDLINE,South Africa
CMA,Central European Airlines,EUROCENTRAL,Czech Republic
CME,Prince Edward Air,COMET,Canada
CMF,Air Care Alliance,COMPASSION,United States
CMG,Comet Airlines,SUNSPY,Nigeria
CMH,Commair Aviation,COMMODORE,United Kingdom
CMI,Continental Micronesia,AIR MIKE,United States
CMJ,Mudanjiang General Aviation,MUDANJIANG,China
CMK,Chernomor-Avia,CHERAVIA,Russia
CML,Commander Air Charter,COMMANDAIR,Canada
CMM,Compagnie Aerienne du Mali,CAMALI,Mali
CMN,Eckles Aircraft,CIMMARON AIRE,United States
CMP,Copa Airlines,COPA,Panama
CMR,CAM Air Management,CAMEO,United Kingdom
CMS,Commercial Aviation,ACCESS,Canada
CMT,Casement Aviation,CASEMENT,United States
CMU,Northern Aviation Service,LANNA AIR,Thailand
CMX,El Caminante Taxi Aereo,EL CAMINANTE,Mexico
CMY,Cape Smythe Air,CAPE SMYTHE AIR,United States
CMZ,CM Stair,CEE-EM STAIRS,Mauritania
CNA,Centavia,,Serbia
CNB,Cityline Hungary,CITYHUN,Hungary
CNC,Corporacion Aereo Cencor,CENCOR,Mexico
CND,Aero Continente Dominicana,CONDOMINICANA,Dominican Republic
CNE,Air Toronto,CONNECTOR,Canada
CNF,Canaryfly,,Spain
CNG,Coastal Airways,SID-AIR,United States
CNH,Aquila Air,CHENANGO,United States
CNI,Empresa Nacional De Servicios Aereos,SERAER,Cuba
CNJ,Nanjing Airlines,NINGHANG,China
CNK,Sunwest Home Aviation,CHINOOK,Canada
CNL,Centennial Airlines,WYO-AIR,United States
CNN,Canadian World,Canadian,Canada
CNO,SAS Braathens,SCANOR,Norway
CNR,Condor Aero Services,CONAERO,United States
CNS,Centennial Flight Centre,CENTENNIAL,Canada
CNT,CNET,KNET,France
CNU,Air Consul,AIR CONSUL,Spain
CNW,China Northwest Airlines,CHINA NORTHWEST,China
CNX,Allcanada Express,CANEX,Canada
CNY,Central Airways,CENTRAL LEONE,Sierra Leone
COA,Continental Airlines,CONTINENTAL,United States
COD,Concordavia,CONCORDAVIA,Ukraine
COE,Comtel Air,,Austria
COF,Confort Air,CONFORT,Canada
COH,Coltishall Flying Training Unit,COLT,United Kingdom
COL,Columbia Airlines,COLAIR,Canada
COM,Comair,COMAIR,United States
CON,Continental Oil,CONOCO,United States
COO,Corporate Airlink,CORPORATE,Canada
COP,Copper State Air Service,COPPER STATE,United States
COT,Cottesmore Flying Training Unit,COTTESMORE,United Kingdom
COV,Helicentre Coventry,HELICENTRE,United Kingdom
COW,Cowi,COWI,Netherlands
COY,Coyne Aviation,COYNE AIR,United Kingdom
COZ,Cosmic Air,COSMIC AIR,Nepal
CPA,Cathay Pacific,CATHAY,Hong Kong SAR of China
CPB,Corpac Canada,PENTA,Canada
CPD,Capital Airlines,CAPITAL DELTA,Kenya
CPF,ATS Private Company,TECHSERVICE,Ukraine
CPG,Corporacion Aeroangeles,CORPORANG,Mexico
CPH,Champagne Airlines,CHAMPAGNE,France
CPI,CAI,AIRCAI,Italy
CPJ,Baltimore Air Transport,CORPJET,United States
CPL,Chaparral Airlines,CHAPARRAL,United States
CPM,Compagnie Mauritanienne Des Transports,,Mauritania
CPN,Caspian Airlines,CASPIAN,Iran
CPO,Corporate Aircraft Company,MOKAN,United States
CPR,Corporate Air,CORPAIR,United States
CPS,Compass International Airways,COMPASS,United Kingdom
CPT,Corporate Air,AIR SPUR,United States
CPV,Air Corporate,AIRCORPORATE,Italy
CPW,Chippewa Air Commuter,CHIPPEWA-AIR,United States
CPX,Capital Air Service,CAPAIR,United States
CPZ,Compass Airlines,Compass Rose,United States
CQC,Central Queensland Aviation College,,Australia
CQH,Spring Airlines,AIR SPRING,China
CQN,Chongqing Airlines,CHONG QING,China
CRA,Coronado Aerolineas,CORAL,Colombia
CRC,Conair Aviation,CONAIR-CANADA,Canada
CRD,Air Corridor,AIR CORRIDOR,Mozambique
CRE,Cree Airways,CREE AIR,Canada
CRF,Air Central,AIR CENTRAL,Japan
CRG,Cargoitalia,WHITE PELICAN,Italy
CRH,CRI Helicopters Mexico,HELI-MEX,Mexico
CRJ,Air Cruzal,AIR CRUZAL,Angola
CRK,Hong Kong Airlines,BAUHINIA,Hong Kong SAR of China
CRL,Corsairfly,CORSAIR,France
CRM,Commander Mexicana,COMMANDERMEX,Mexico
CRN,Empresa Aerocaribbean,AEROCARIBBEAN,Cuba
CRO,Crown Airways,CROWN AIRWAYS,United States
CRP,Aerotransportes Corporativos,AEROTRANSCORP,Mexico
CRQ,Air Creebec,CREE,Canada
CRR,Carranza,CARRANZA,Chile
CRS,Comercial Aerea,COMERCIAL AEREA,Mexico
CRT,Caribintair,CARIBINTAIR,Haiti
CRV,Cargo Ivoire,CARGOIV,Ivory Coast
CRW,Crownair,REGAL,Canada
CRX,Cross Aviation,CROSSAIR,United Kingdom
CRY,Primavia Limited,CARRIERS,United Kingdom
CRZ,Cruzeiro do Sul Servicos Aereos,,Brazil
CSA,Czech Airlines,CSA-LINES,Czech Republic
CSC,Sichuan Airlines,SI CHUAN,China
CSD,Courier Services,DELIVERY,United States
CSE,CSE Aviation,OXFORD,United Kingdom
CSF,Clasair,CALEDONIAN,United Kingdom
CSH,Shanghai Airlines,SHANGHAI AIR,China
CSI,Central Skyport,SKYPORT,United States
CSJ,Castle Aviation,CASTLE,United States
CSK,Flightcraft,CASCADE,United States
CSL,California Air Shuttle,CALIFORNIA SHUTTLE,United States
CSM,Ratkhan Air,LORRY,Kazakhstan
CSN,China Southern Airlines,CHINA SOUTHERN,China
CSO,Casino Airline,CASAIR,United States
CSP,Casper Air Service,CASPER AIR,United States
CSQ,IBC Airways,CHASQUI,United States
CST,Coast Air,COAST CENTER,Norway
CSU,Chari Aviation Services,CHARI SERVICE,Chad
CSV,Coastal Travels,COASTAL TRAVEL,Tanzania
CSW,Worldwide Air Charter Systems,CHARTER SYSTEMS,Canada
CSX,Choice Airways,,United States
CSY,Shuangyang General Aviation,SHUANGYANG,China
CSZ,Shenzhen Airlines,SHENZHEN AIR,China
CTA,Aero Charter and Transport,CHAR-TRAN,United States
CTE,Air Tenglong,TENGLONG,China
CTG,Canadian Coast Guard,CANADIAN COAST GUARD,Canada
CTH,China General Aviation Corporation,TONGHANG,China
CTK,East Midlands Helicopters,COSTOCK,United Kingdom
CTL,Central Airlines,CENTRAL COMMUTER,United States
CTM,Commandement Du Transport Aerien Militaire Francais,COTAM,France
CTN,Croatia Airlines,CROATIA,Croatia
CTO,Cape Air Transport,,Australia
CTP,Tashkent Aircraft Production Corporation,CORTAS,Uzbekistan
CTQ,CTK Network Aviation,CITYLINK,Ghana
CTR,Aerlineas Centauro,CENTAURO,Mexico
CTS,Center-South,CENTER-SOUTH,Russia
CTT,Custom Air Transport,CATT,United States
CTV,Escuela De Pilotos Are Aviacion,ARE AVIACION,Spain
CTW,Cargo Three,THIRD CARGO,Panama
CTY,Cryderman Air Service,CENTURY,United States
CTZ,CATA L,CATA,Argentina
CUA,China United Airlines,LIANHANG,China
CUB,Cubana de Aviación,CUBANA,Cuba
CUD,Air Cudlua,Cudlua,United Kingdom
CUI,Cancun Air,CAN-AIR,Mexico
CUK,Polo Aviation,CHUKKA,United Kingdom
CUO,Aerocuahonte,CUAHONTE,Mexico
CUT,Court Helicopters,COURT AIR,South Africa
CVA,Air Chathams,CHATHAM,New Zealand
CVC,Centre-Avia,AVIACENTRE,Russia
CVE,Cabo Verde Express,KABEX,Cape Verde
CVF,Dassault Falcon Jet Corporation,CLOVERLEAF,United States
CVG,Carill Aviation,CARILL,United Kingdom
CVL,Coval Air,COVAL,Canada
CVO,Center Vol,CENTERVOL,Spain
CVR,Chevron U.S.A,CHEVRON,United States
CVT,Peran,CVETA,Kazakhstan
CVU,Grand Canyon Airlines,CANYON VIEW,United States
CVV,Comeravia,COMERAVIA,Venezuela
CWA,Canadian Western Airlines,CANADIAN WESTERN,Canada
CWC,Centurion Air Cargo,CHALLENGE CARGO,United States
CWD,Caernarfon Airworld,AMBASSADOR,United Kingdom
CWE,Celtic West,CELTIC,United Kingdom
CWH,Canadian Warplane Heritage Museum,WARPLANE HERITAGE,Canada
CWK,Comores Airlines,CONTICOM,Comoros
CWL,Cranwell Flying Training Unit,CRANWELL,United Kingdom
CWM,Air Marshall Islands,AIR MARSHALLS,Marshall Islands
CWN,Cardiff Wales Flying Club,CAMBRIAN,United Kingdom
CWP,Australian Customs Service,COASTWATCH,Australia
CWS,California Western,,United States
CWT,Texas Airways,TEXAS AIRWAYS,United States
CWU,Wuhan Airlines,WUHAN AIR,China
CWW,Canair,CANAIR,China
CWX,Crow Executive Air,CROW EXPRESS,United States
CWY,Woodgate Executive Air Charter,CAUSEWAY,United Kingdom
CWZ,Capitol Wings Airline,CAPWINGS,United States
CXA,Xiamen Airlines,XIAMEN AIR,China
CXH,China Xinhua Airlines,XINHUA,China
CXI,Shanxi Airlines,SHANXI,China
CXJ,Xinjiang Airlines,XINJIANG,China
CXN,China Southwest Airlines,CHINA SOUTHWEST,China
CXO,Conroe Aviation Services,CONROE AIR,United States
CXP,Xtra Airways,RUBY MOUNTAIN,United States
CXS,Boston-Maine Airways,CLIPPER CONNECTION,United States
CYA,Cheyenne Airways,CHEYENNE AIR,United States
CYC,Cyprair Tours,CYPRAIR,Cyprus
CYD,Access Air,CYCLONE,United States
CYE,Aerocheyenne,AEROCHEYENNE,Mexico
CYF,Company Flight,COMPANY FLIGHT,Denmark
CYG,Yana Airlines,VICAIR,Cambodia
CYH,Yunnan Airlines,YUNNAN,China
CYL,Air One Cityliner,CITYLINER,Italy
CYM,Compass Airlines (Australia),Compair,Australia
CYN,Zhongyuan Aviation,ZHONGYUAN,China
CYO,Air Transport,COYOTE,United States
CYP,Cyprus Airways,CYPRUS,Cyprus
CYS,Cypress Airlines,SKYBIRD,Canada
CYT,Crystal Shamrock,CRYSTAL-AIR,United States
CYZ,China Postal Airlines,CHINA POST,China
CZV,Via Conectia Airlines,,Uruguay
DAA,Decatur Aviation,DECUR,United States
DAB,Dassault Aviation,,France
DAC,McDonnell Douglas,DACO,United States
DAD,Dorado Air,DORADO AIR,Dominican Republic
DAE,DHL Aero Expreso,YELLOW,Panama
DAF,Danish Air Force,DANISH AIRFORCE,Denmark
DAG,Dagestan Airlines,DAGAL,Russia
DAH,Air Algerie,AIR ALGERIE,Algeria
DAK,First Flying,,Japan
DAL,Delta Air Lines,DELTA,United States
DAM,Kyrgyzstan Department of Aviation,FLIGHT RESCUE,Kyrgyzstan
DAN,Dan-Air London,,United Kingdom
DAO,Daallo Airlines,DALO AIRLINES,Djibouti
DAP,Aerovias DAP,DAP,Chile
DAR,Danish Army,DANISH ARMY,Denmark
DAS,Damascene Airways,AIRDAM,Syrian Arab Republic
DAT,Brussels Airlines,BEE-LINE,Belgium
DAU,Dauair,DAUAIR,Germany
DAV,Dornier Aviation Nigeria,DANA AIR,Nigeria
DAY,Daya Aviation,DAYA,Sri Lanka
DBA,Air Alpha,DOUBLE-A,United States
DBD,Air Niagara Express,AIR NIAGARA,Canada
DBJ,Duchess of Britany (Jersey) Limited,DUCHESS,United Kingdom
DBK,Dubrovnik Air,SEAGULL,Croatia
DBR,Dutchbird,DUTCHBIRD,Netherlands
DCA,Dreamcatcher Airways,DREAM CATCHER,United Kingdom
DCC,Caribbean Air Cargo,CARICARGO,Barbados
DCD,Air 26,DUCARD,Angola
DCE,Dutch Caribbean Express,DUTCH CARIBBEAN,Netherlands Antilles
DCL,Transportes Aereos Don Carlos,DON CARLOS,Chile
DCM,FLTPLAN,DOT COM,United States
DCN,Federal Armed Forces,DIPLOMATIC CLEARANCE,Germany
DCO,David Crawshaw Consultants Limited,,United Kingdom
DCS,Daimler Chrysler Aviation,TWIN STAR,Germany
DCT,Direct Flight,,United Kingdom
DCV,Discover Air,DISCOVER,United States
DCX,Daimler-Chrysler,DAIMLER,United States
DDA,D & D Aviation,DUSTY,United States
DEA,Delta Aerotaxi,JET SERVICE,Italy
DEE,Dixie Airways,TACAIR,United States
DEF,Aviation Defense Service,TIRPA,France
DEG,Air Service Groningen,DEGGER,Netherlands
DEI,Ecoair,,Algeria
DEL,Carib Aviation,RED TAIL,Antigua and Barbuda
DER,Deer Jet,DEER JET,China
DES,Chilcotin Caribou Aviation,CHILCOTIN,Canada
DET,DETA Air,SAMAL,Kazakhstan
DEV,Red Devils Parachute Display Team,RED DEVILS,United Kingdom
DFA,Aero Coach Aviation,AERO COACH,United States
DFS,Dwyer Aircraft Services,DWYAIR,United States
DGO,DGO Jet,DGO JET,Mexico
DGT,Digital Equipment Corporation,DIGITAL,United States
DGX,Dasnair,DASNA,Switzerland
DHA,Dahla Airlines,,Democratic Republic of Congo
DHC,De Havilland,DEHAVILLAND,Canada
DHE,DAP Helicopteros,HELIDAP,Chile
DHI,Adam Air,ADAM SKY,Indonesia
DHK,DHL Air,WORLD EXPRESS,United Kingdom
DHL,Astar Air Cargo,DAHL,United States
DHM,Archer Aviation,ARCHER,United Kingdom
DHV,DHL Aviation,WORLDSTAR,South Africa
DHX,DHL International,DILMUN,Bahrain
DIA,Direct Air,BLUE SKY,United States
DIC,Aeromedica,AEROMEDICA,Mexico
DIN,Aerodin,AERODIN,Mexico
DIP,Diplomatic Freight Services,DIPFREIGHT,United Kingdom
DIR,Dirgantara Air Service,DIRGANTARA,Indonesia
DIS,Di Air,DI AIR,Serbia
DIX,Dix Aviation,DIX FLIGHT,Germany
DJA,Antinea Airlines,ANTINEA,Algeria
DJB,Djibouti Airlines,DJIBOUTI AIR,Djibouti
DJE,Durango Jet,DURANGO JET,Mexico
DJS,DayJet,DAYJET,United States
DJT,Denver Jet,DENVER JET,United States
DJU,Air Djibouti,AIR DJIB,Djibouti
DKA,Daka,,Kazakhstan
DKE,Jubilee Airways,DUKE,United Kingdom
DKH,Juneyao Airlines,JUNEYAO AIRLINES,China
DKN,Deccan Aviation,DECCAN,India
DKT,Sioux Falls Aviation,DAKOTA,United States
DKY,Servicios Aereos Elite,DAKOY,Spain
DLA,Air Dolomiti,DOLOMOTI,Italy
DLH,Lufthansa,LUFTHANSA,Germany
DLI,Delta Express International,DELTA EXPRESS,Ukraine
DLK,Deccan Aviation (Lanka),DEKKANLANKA,Sri Lanka
DLR,Dala Air Services,DALA AIR,Nigeria
DLS,Aero Modelo,AEROMODELO,Mexico
DLT,Deutsche Luftverkehrsgesellschaft,,Germany
DLU,Aerolineas Del Sur,DEL SUR,Chile
DMC,Aerodinamica de Monterrey,DINAMICAMONT,Mexico
DME,Royal Flight,,Russia
DMI,Aeroservicios Dinamicos,AERODINAMICO,Mexico
DML,Aerotaxis Dosmil,,Mexico
DMO,Domodedovo Airlines,DOMODEDOVO,Russia
DNA,Aerodespachos De El Salvador,AERODESPACHOS,El Salvador
DNC,Aeroynamics Malaga,FLYINGOLIVE,Spain
DND,Eldinder Aviation,DINDER,Sudan
DNI,Servicios Aereos Denim,AERO DENIM,Mexico
DNJ,Aerodynamics Incorporated,DYNAJET,United States
DNK,D&K Aviation,DIRECT JET,United States
DNL,Dutch Antilles Express,DUTCH ANTILLES,Netherlands Antilles
DNM,Denim Air,DENIM,Netherlands
DNR,Dynamair Aviation,DYNAMAIR,Canada
DNU,Danu Oro Transportas,DANU,Lithuania
DNV,Aeroflot-Don,DONAVIA,Russia
DNY,Danish Navy,DANISH NAVY,Denmark
DOA,Dominicana de Aviaci,DOMINICANA,Dominican Republic
DOB,Dobrolet,DOBROLET,Russia
DOC,Norsk Luftambulanse,HELIDOC,Norway
DOD,USAF Air Mobility Operations Control Center,,United States
DOI,U.S. Department of the Interior,INTERIOR,United States
DOJ,Justice Prisoner and Alien Transportation System,JUSTICE,United States
DOM,Dos Mundos,DOS MUNDOS,Dominican Republic
DON,Donair Flying Club,DONAIR,United Kingdom
DOP,Dancopter,DANCOPTER,Denmark
DOR,Dornier,DORNIER,Germany
DOT,Telnic Limited,DOT TEL,United Kingdom
DPL,Dome Petroleum,DOME,Canada
DQA,Island Aviation Services,,Maldives
DRB,Didier Rousset Buy,DIDIER,Chile
DRC,Triton Airlines,TRITON AIR,Canada
DRD,Air Madrid,ALADA AIR,Spain
DRE,Drummond Island Air,MICHIGAN,United States
DRK,Druk Air,ROYAL BHUTAN,Bhutan
DRM,Airways Flight Training,DARTMOOR,United Kingdom
DRN,Central De Discos De Reynosa,DISCOS REYNOSA,Mexico
DRO,Aeronaves Del Noreste,AERONORESTE,Mexico
DRT,Darta,DARTA,France
DRU,Alrosa Mirny Air Enterprise,MIRNY,Russia
DRX,Des R Cargo Express,,Mauritania
DRY,Deraya Air Taxi,DERAYA,Indonesia
DSA,Danbury Airways,DANBURY AIRWAYS,United States
DSC,Addis Air Cargo Services,ADDIS CARGO,Ethiopia
DSH,Dash Air Charter,DASH CHARTER,United States
DSK,Aero Algarve,SKYBANNER,Portugal
DSL,Meridian Aviation,DIESEL,United Kingdom
DSM,LAN Argentina,LAN AR,Argentina
DSN,DESNA,DESNA,Ukraine
DSO,Dassault Falcon Service,DASSAULT,France
DSQ,Dasab Airlines,DASAB AIR,Uganda
DSR,DAS Air Cargo,DAIRAIR,Uganda
DST,Aex Air,DESERT,United States
DSU,Delta State University,DELTA STATE,United States
DSV,Direct Aero Services,,Romania
DSY,Dennis Sky,DSY,Israel
DTA,TAAG Angola Airlines,DTA,Angola
DTH,Tassili Airlines,TASSILI AIR,Algeria
DTN,Data International,DATA AIR,Sudan
DTR,DAT Danish Air Transport,DANISH,Denmark
DTV,Centre Airlines,DUTCH VALLEY,United States
DTY,Destiny Air Services,DESTINY,Sierra Leone
DUB,Dubai Airwing,DUBAI,United Arab Emirates
DUK,Ducair,LION KING,Luxembourg
DUN,Dun'Air,DUNAIR,Mauritania
DUO,Duo Airways,FLY DUO,United Kingdom
DVA,Discovery Airways,DISCOVERY AIRWAYS,United States
DVB,Don Avia,DONSEBAI,Kazakhstan
DVI,Aero Davinci International,AERO DAVINCI,Mexico
DWA,Dense Airways,DENSE,United States
DWD,Deutsche Luftverkehrsgesellschaft (DLT),,Germany
DWN,Dawn Air,DAWN AIR,United States
DWR,Delaware Skyways,DELAWARE,United States
DWT,Darwin Airline,DARWIN,Switzerland
DWW,Jet Courier Service,DON JUAN,United States
DXH,East Star Airlines,EAST STAR,China
DXP,Dallas Express Airlines,DALLAS EXPRESS,United States
DXT,Dexter (DXT),Dexter,Russia
DYA,Dynamic Airways,,United States
DYE,Dynamic Air,DYNAMIC,Netherlands
DYN,Aero Dynamics,AERO DYNAMIC,United States
EAA,Eastok Avia,,Kyrgyzstan
EAB,Swiss Eagle,SWISS EAGLE,Switzerland
EAC,Executive Air Charter,EXECAIR,United States
EAD,EAA Escola De Aviacao Aerocondor,AERO-ESCOLA,Portugal
EAE,Aeroservicios Ecuatorianos,AECA,Ecuador
EAF,European Aviation Air Charter,EUROCHARTER,United Kingdom
EAG,European Aeronautical Group UK,,United Kingdom
EAH,Baltimore Airways,EASTERN,United States
EAI,Elite Air,ELAIR,Togo
EAK,Euro-Asia Air,EAKAZ,Kazakhstan
EAL,European Air Express,STAR WING,Germany
EAM,Embassy Airlines,EMBASSY AIR,Nigeria
EAN,Skypower Express Airways,NIGERIA EXPRESS,Nigeria
EAP,Aero-Pyrenees,AERO-PYRENEES,France
EAQ,Eastern Australia Airlines,,Australia
EAR,Transporte Ejecutivo Aereo,EJECUTIVO-AEREO,Mexico
EAS,Executive Aerospace,AEROSPACE,South Africa
EAT,Air Transport,TRANS EUROPE,Slovakia
EAV,Eastern Atlantic Virtual Airlines,EAVA,United States
EAX,Eastern Air Executive,EASTEX,United Kingdom
EAY,Aero Airlines,REVAL,Estonia
EAZ,Eastern Air,EASAIR,Zambia
EBA,Bond Aviation,BOND AVIATION,Italy
EBC,Aero Ejecutivo De Baja California,CALIXJET,Mexico
EBE,Minebea Technologies,MINEBEA,United States
EBF,MSR Flug-Charter,SKYRUNNER,Germany
EBG,Eurosense,EUROSENSE,Bulgaria
EBJ,European Business Jets,,United Kingdom
ECA,Eurocypria Airlines,EUROCYPRIA,Cyprus
ECB,European Coastal Airlines,COASTAL CLIPPER,Croatia
ECC,Crossair Europe,Cigogne,Switzerland
ECD,Ecotour,ECOTOUR,Mexico
ECE,Air City,AIRCITY,Germany
ECF,Eurocopter,EUROCOPTER,France
ECG,Aero Ejecutivos RCG,EJECTUIVOS RCG,Mexico
ECI,Eastern Carolina Aviation,EASTERN CAROLINA,United States
ECJ,East Coast Jets,EASTCOAST JET,United States
ECL,Aeronautica Castellana,AERO CASTELLANA,Spain
ECM,Aerolineas Comerciales,AERO COMERCIALES,Mexico
ECN,Euro Continental AIE,EURO CONTINENTAL,Spain
ECQ,Eco Air,SKYBRIDGE,Nigeria
ECS,Executive Aircraft Charter and Charter Services,ECHO,Ireland
ECT,East Coast Airways,EASTWAY,South Africa
ECU,Ecuavia,ECUAVIA,Ecuador
ECV,Ecuatoguineana De Aviacion (EGA),EQUATOGUINEA,Equatorial Guinea
ECX,Ecomex Air Cargo,AIR ECOMEX,Angola
ECY,Euroceltic Airways,ECHELON,United Kingdom
EDA,Aerolineas Nacionales Del Ecuador,ANDES,Ecuador
EDC,Edinburgh Air Charter,SALTIRE,United Kingdom
EDD,Lineas Aereas Ejectuivas De Durango,LINEAS DURANGO,Mexico
EDI,Eastern Atlantic Charters,,United States
EDJ,Edwards Jet Center of Montana,EDWARDS,United States
EDL,Polizeihubschrauberstaffel Bayern,POLICE EDELWEISS,Germany
EDO,Elidolomiti,ELIDOLOMITI,Italy
EDR,Lineas Aereas Eldorado,ELDORADRO,Colombia
EDW,Edelweiss Air,EDELWEISS,Switzerland
EEA,Empresa Ecuatoriana De Aviacion,ECUATORIANA,Ecuador
EET,Air Este,AESTE,Spain
EEU,Eurofly Service,EUROFLY,Italy
EEZ,Eurofly,E-FLY,Italy
EFA,Far Eastern Air Transport,Far Eastern,Taiwan
EFC,Air Mana,FLIGHT TAXI,France
EFD,EFD Eisele Flugdienst,EVER FLIGHT,Germany
EFG,Elifriulia,ELIFRIULIA,Italy
EFS,EFAOS- Agencia De Viagens e Turismo,EFAOS,Angola
EFT,Embassy Freight Company,EMBASSY FREIGHT,United States
EFY,EasyFly,EASYFLY,Colombia
EGF,American Eagle Airlines,EAGLE FLIGHT,United States
EGH,BBN-Airways,BBN,United Kingdom
EGJ,Eagle Jet Charter,EAGLE JET,United States
EGL,Capital Trading Aviation,PRESTIGE,United Kingdom
EGN,Eagle Aviation France,FRENCH EAGLE,France
EGO,Gauteng Air Cargo,GAUTENG,South Africa
EGR,Eagle Air,EAGLE SIERRA,Sierra Leone
EGS,Eagles Airlines,EAGLES,Italy
EGU,Eagle Aviation,AFRICAN EAGLE,Uganda
EGV,Enrique Gleisner Vivanco,GLEISNER,Chile
EGX,Eagle Air Company,THAI EAGLE,Thailand
EGY,Egyptian Air Force,,Egypt
EHA,East Hampton Aire,AIRE HAMPTON,United States
EHD,E H Darby Aviation,PLATINUM AIR,United States
EHM,Euro Harmony,,Portugal
EHN,East Horizon,EAST HORIZON,Afghanistan
EHR,Valfell-Verkflug,ROTOR,Iceland
EIA,Evergreen International Airlines,EVERGREEN,United States
EIC,Express International Cargo,EXCARGO,S
EIJ,Efata Papua Airlines,EFATA,Indonesia
EIN,Aer Lingus,SHAMROCK,Ireland
EIR,Eirjet,EIRJET,Ireland
EIS,EIS Aircraft,COOL,Germany
EIX,Ei Air Exports,AIR EXPORTS,Ireland
EJA,NetJets,EXECJET,United States
EJC,Grupo De Aviacion Ejecutiva,GRUPOEJECUTIVA,Mexico
EJD,Elite Jets,ELITE DUBAI,United Arab Emirates
EJM,Executive Jet Management,JET SPEED,United States
EJO,Execujet Middle East,MIDJET,United Arab Emirates
EJP,Aeroservicios Ejecutivos Corporativos,EJECCORPORATIVOS,Mexico
EJS,Eurojet Servis,EEJAY SERVICE,Czech Republic
EJT,Eclipse Aviation,ECLIPSE JET,United States
EJV,Compania Ejecutiva,EJECUTIVA,Mexico
EJX,Egyptian Aviation,,Egypt
EKA,Equaflight Service,EQUAFLIGHT,Republic of the Congo
EKC,East Kansas City Aviation,BLUE GOOSE,United States
ELA,Eastland Air,,Australia
ELB,Elieuro,ELILOBARDIA,Italy
ELC,Small Planet Airlines,,Lithuania
ELG,Alpi Eagles,ALPI EAGLES,Italy
ELH,Elilario Italia,LARIO,Italy
ELJ,Delta Air Elite,ELITE JET,United States
ELK,ELK Airways,,Estonia
ELL,Estonian Air,ESTONIAN,Estonia
ELM,Crelam,CRELAM,Mexico
ELO,Eurolot,EUROLOT,Poland
ELR,Elrom Aviation and Investments,,Israel
ELS,El Sal Air,EL SAL,El Salvador
ELT,Elliott Aviation,ELLIOT,United States
ELV,Transportes Aereos Nacionales De Selva Tans,AEREOS SELVA,Peru
ELW,Yellow Wings Air Services,YELLOW WINGS,Kenya
ELX,Elan Express,ELAN,United States
ELY,El Al Israel Airlines,ELAL,Israel
EMA,Egyptian Aviation Company,,Egypt
EMB,Empresa Brasileira De Aeronautica,EMBRAER,Brazil
EMD,Eaglemed (Ballard Aviation),EAGLEMED,United States
EME,Eastern Metro Express,EMAIR,United States
EMI,Premium Air Shuttle,BLUE SHUTTLE,Nigeria
EMN,Examiner Training Agency,AGENCY,United Kingdom
EMP,Empire Air Service,EMPIRE,United States
EMR,Zenmour Airlines,ZENMOUR,Mauritania
EMS,Aero Servicios Empresariales,SERVIEMPRESARIAL,Mexico
EMT,Emetebe,EMETEBE,Ecuador
EMU,East Asia Airlines,,Macao
EMX,Euromanx Airways,EUROMANX,Austria
ENA,Direccion General de Aviacion Civil y Telecomunicasciones,ENA,Spain
ENC,Endecots,ENDECOTS,Ecuador
END,Arrendoora y Transportadora Aerea,ARRENDADORA,Mexico
ENI,Enimex,ENIMEX,Estonia
ENJ,Enerjet,ENERJET AIR,Canada
ENK,Enkor JSC,ENKOR,Russia]]
ENR,Scenic Air,,Namibia
ENS,Entergy Services,ENTERGY SHUTTLE,United States
ENT,DAT Enterprise Limited,DATENT,United Kingdom
ENV,Victoria Aviation,ENDEAVOUR,United Kingdom
ENW,Aeronaves Del Noroeste,AERONOR,Spain
ENY,Envoy Air,Envoy,United States
ENZ,Jota Aviation,ENZO,United Kingdom
EOA,Elilombarda,LOMBARDA,Italy
EOL,Airailes,EOLE,France
EOM,Aero Ermes,AERO ERMES,Mexico
EOS,Eliossola,ELIOSSOLA,Italy
EPA,Shenzhen Donghai Airlines,DONGHAI AIR,China
EPB,Eastern Pacific Aviation,EAST PAC,Canada
EPC,Espace Aviation Services,ESPACE,Democratic Republic of the Congo
EPE,Aero Empresarial,AEROEMPRESARIAL,Mexico
EPL,Aero Transportes Empresariales,EMPRESARIALES,Mexico
EPS,Epps Air Service,EPPS AIR,United States
EQC,Ecuatorial Cargo,ECUA-CARGO,Equatorial Guinea
EQL,Air S,EQUATORIAL,Air S
EQT,Equatorial Airlines,,Equatorial Guinea
EQZ,Equatair Air Services (Zambia),ZAMBIA CARGO,Zambia
ERC,Esso Resources Canada,ESSO,Canada
ERE,Erie Airways,AIR ERIE,United States
ERF,Erfoto,ERFOTO,Portugal
ERG,Avianergo,AVIANERGO,Russia
ERH,Era Helicopters,ERAH,United States
ERI,Aero Servicios Regiomontanos,ASERGIO,Mexico
ERJ,Eurojet Italia,JET ITALIA,Italy
ERK,Aerosec,AEROSEC,Chile
ERM,Aeromaan,EOMAAN,Mexico
ERO,Sun D'Or,ECHO ROMEO,Israel
ERR,Era Alaska,ERAH,United States
ERT,Eritrean Airlines,ERITREAN,Eritrea
ERV,Yerevan-Avia,YEREVAN-AVIA,Armenia
ERX,Earth Airlines Services,EARTH AIR,Nigeria
ESB,Aerosaba,AEROSABA,Mexico
ESC,El Sol De America,SOLAMERICA,Venezuela
ESE,Ensenada Vuelos Especiales,ENSENADA ESPECIAL,Mexico
ESF,Estafeta Carga Aerea,,Mexico
ESI,ESI Eliservizi Italiani,ELISERVIZI,Italy
ESJ,Eastern Sky Jets,EASTERN SKYJETS,United Arab Emirates
ESK,SkyEurope,RELAX,Slovakia
ESL,Russian Sky Airlines,RADUGA,Russia
ESN,Euro Sun,EURO SUN,Turkey
ESO,Avitat,,United Kingdom
ESR,Eastar Jet,Eastar,South Korea
ESS,Eos Airlines,NEW DAWN,United States
EST,Carga Express Internacional,CARGAINTER,Mexico
ESU,Aerolineas Ejecutivas Del Sureste,ALESUR,Mexico
ESX,Euroskylink,CATFISH,United Kingdom
ESZ,Aeronautica Le Esperanza,ESPERANZA,Mexico
ETA,Estrellas Del Aire,ESTRELLAS,Mexico
ETC,ATTICO,TRANATTICO,Sudan
ETD,Etihad Airways,ETIHAD,United Arab Emirates
ETE,Aero Siete,AEROSIETE,Mexico
ETH,Ethiopian Airlines,ETHIOPIAN,Ethiopia
ETL,Patterson Aviation Company,ENTEL,United States
ETM,Etram Air Wing,ETRAM,Angola
ETN,Chim-Nir Aviation,CHMINIR,Israel
ETP,Empire Test Pilots' School,TESTER,United Kingdom
ETS,Flygtransporter I Nykoping,EXTRANS,Sweden
ETV,European Executive,EURO EXEC,United Kingdom
EUC,Eurocontrol,,Belgium
EUD,Air Italy Egypt,,Egypt
EUG,Euroguineana de Aviacion,EUROGUINEA,Equatorial Guinea
EUJ,EUjet,UNION JET,Ireland
EUK,Air Atlanta Europe,SNOWBIRD,United Kingdom
EUP,Euroair,EUROSTAR,Greece
EUT,European 2000 Airlines,FIESTA,Malta
EUU,Euroamerican Air,EUROAMERICAN,Uruguay
EUV,EuropeSky,EuropeSky,Germany
EUY,EU Airways,EUROAIRWAYS,Ireland
EVA,EVA Air,EVA,Taiwan
EVC,Comfort Express Virtual Charters Albany,Comfort Express,United States
EVE,Air Evex,SUNBEAM,Germany
EVM,Natural Environment Research Council,SCIENCE,United Kingdom
EVN,Euraviation,EURAVIATION,Italy
EVR,Aeronautical Academy of Europe,DIANA,Portugal
EWA,East-West Airlines,EASTWEST,Australia
EWG,Eurowings,EUROWINGS,Germany
EWS,Enterprise World Airways,WORLD ENTERPRISE,Democratic Republic of the Congo
EWW,Emery Worldwide Airlines,EMERY,United States
EXA,Execair Aviation,CANADIAN EXECAIRE,Canada
EXB,Brazilian Army Aviation,BRAZILIAN ARMY,Brazil
EXC,European Executive Express,ECHO EXPRESS,Sweden
EXE,Executive Flight,EXEC,United States
EXF,Eximflight,EXIMFLIGHT,Mexico
EXG,Air Exchange,EXCHANGE,United States
EXH,G5 Executive,BATMAN,Germany
EXJ,Executive Jet Charter,,United Kingdom
EXK,Executive Airlines,EXECUTIVE EAGLE,United States
EXL,Sunshine Express Airlines,,Australia
EXM,United Kingdom Civil Aviation Authority,EXAM,United Kingdom
EXN,Exin,EXIN,Poland
EXP,Business Express Delivery,EXPRESS AIR,Canada
EXR,Expertos En Carga,EXPERTOS ENCARGA,Mexico
EXS,Jet2.com,CHANNEX,United Kingdom
EXT,Night Express,EXECUTIVE,Germany
EXU,Executive Airlines,SACAIR,Spain
EXV,Expo Aviation,EXPOAVIA,Sri Lanka
EXW,Executive Airlines Services,ECHOLINE,Nigeria
EXX,International Air Corporation,EXPRESS INTERNATIONAL,United States
EXY,South African Express,EXPRESSWAYS,South Africa
EXZ,East African Safari Air Express,TWIGA,Kenya
EYE,F.S. Air Service,SOCKEYE,United States
EZA,Eznis Airways,EZNIS,Mongolia
EZB,Flugschule Eichenberger,EICHENBURGER,Switzerland
EZE,Eastern Airways,EASTFLIGHT,United Kingdom
EZY,easyJet,EASY,United Kingdom
FAB,First Air,,Canada
FAC,Atlantic Helicopters,FAROECOPTER,Denmark
FAD,Rog-Air,AIR FRONTIER,Canada
FAE,Freshaer,WILDGOOSE,United Kingdom
FAF,Force Aerienne Francaise,FRENCH AIR FORCE,France
FAG,Argentine Air Force,FUAER,Argentina
FAH,Farnair Hungary,BLUE STRIP,Hungary
FAJ,Air Fiji,FIJIAIR,Fiji
FAK,Financial Airxpress,FACTS,United States
FAL,Friendship Air Alaska,FRIENDSHIP,United States
FAM,Fumigacion Aerea Andaluza,FAASA,Spain
FAN,AF-Air International,FANBIRD,Angola
FAO,Falcon Air Express,PANTHER,United States
FAP,Parsons Airways Northern,,Canada
FAR,Falcon Air,FALCAIR,Slovenia
FAS,Freedom Airways,FREEDOM AIRWAYS,Cyprus
FAT,Farnair Switzerland,FARNER,Switzerland
FAU,Falcon Airline,FALCON AIRLINE,Nigeria
FAV,Fair Aviation,FAIRAVIA,South Africa
FAW,Falwell Aviation,FALWELL,United States
FAX,Midwest Air Freighters,FAIRFAX,United States
FAY,Fayban Air Services,FAYBAN AIR,Nigeria
FAZ,Flint Aviation Services,FLINT AIR,United States
FBA,Fab Air,FAB AIR,Kyrgyzstan
FBF,Fine Airlines,FINE AIR,United States
FBL,Fly Brasil,FBL,Brazil
FBO,TAG Farnborough Airport,,United Kingdom
FBW,Aviation Data Systems,,United States
FCA,First Choice Airways,JETSET,United Kingdom
FCB,COBALT,COBALT,Cyprus
FCC,First Cambodia Airlines,FIRST CAMBODIA,Cambodia
FCE,Flycolumbia,FLYCOLUMBIA,Spain
FCI,Air Carriers,FAST CHECK,United States
FCK,Flight Calibration Service,NAV CHECKER,Germany
FCL,Florida Coastal Airlines,FLORIDA COASTAL,United States
FCM,Flybe Finland Oy,FINNCOMM,Finland
FCN,Falcon Air,FALCON,Sweden
FCO,Aerofrisco,AEROFRISCO,Mexico
FCP,Flight Corporation,FLIGHTCORP,New Zealand
FCR,Flying Carpet Company,FLYING CARPET,Lebanon
FCS,Facts Air,MEXFACTS,Mexico
FCT,Fly CI Limited,DEALER,United Kingdom
FCU,Alfa 4,,Mexico
FCV,Flight Centre Victoria,NAVAIR,Canada
FDA,African Airlines,AIR SANKORE,Mali
FDB,Fly Dubai,,United Arab Emirates
FDD,Feeder Airlines,,Sudan
FDF,IVV Femida,,Russia
FDL,Farmingdale State University,FARMINGDALE STATE,United States
FDN,Flying Dolphin Airlines,FLYING DOLPHIN,United Arab Emirates
FDO,France Douanes,FRENCH CUSTOM,France
FDP,Flight Dispatch Services,,Poland
FDR,Federal Air,FEDAIR,South Africa
FDS,African Medical and Research Foundation,FLYDOC,Kenya
FDX,Federal Express,FEDEX,United States
FEC,Denver Express,FALCON EXPRESS,United States
FED,Lineas Aereas Federales,FEDERALES,Argentina
FEE,Fly Europa Limited,FLY EURO,United Kingdom
FEG,FlyEgypt,,Egypt
FEI,Eagle Air Iceland,ARCTIC EAGLE,Iceland
FEO,Aeroferinco,FERINCO,Mexico
FER,Feria Aviacion,FERIA,Spain
FES,Aero Taxis Y Servicios Alfe,AERO ALFE,Mexico
FEX,Flightexec,FLIGHTEXEC,Canada
FFA,Avialesookhrana,AVIALESOOKHRANA,Russia
FFB,Africair Service,FOXTROT FOXTROT,Senegal
FFC,Fairoaks Flight Centre,FAIROAKS,United Kingdom
FFD,Stuttgarter Flugdienst,FIRST FLIGHT,Germany
FFF,Freedom Air Services,INTER FREEDOM,Nigeria
FFG,Flugdienst Fehlhaber,WITCHCRAFT,Germany
FFH,Shalom Air Services,PEACE AIR,Nigeria
FFI,Infinit Air,INFINIT,Spain
FFL,Intavia Limited,,United Kingdom
FFM,Firefly,FIREFLY,Malaysia
FFP,Fischer Air Polska,FLYING FISH,Poland
FFR,Fischer Air,FISCHER,Czech Republic
FFS,Florida Department of Agriculture,FORESTRY,United States
FFT,Frontier Airlines,FRONTIER FLIGHT,United States
FFU,GEC Marconi Avionics,FERRANTI,United Kingdom
FFV,Fly540,SWIFT TANGO,Kenya
FFY,Fun Flying Thai Air Service,FUN FLYING,Thailand
FGA,Georgian Aviation Federation,GEORGIA FED,Georgia
FGC,Departmento De Agricultura De La Generalitat De Cataluna,FORESTALES,Spain
FGL,Futura Gael,Applewood,Ireland
FGN,Gendarmie Nationale,FRANCE GENDARME,France
FGP,Flying-Research Aerogeophysical Center,FLYING CENTER,Russia
FGS,Elitellina,ELITELLINA,Italy
FGT,Aero Freight,FREIAERO,Mexico
FGY,Froggy Corporate Aviation,,Australia
FHE,Hello,FLYHELLO,Switzerland
FHI,FlyHigh Airlines Ireland (FH),FLYHIRELAND,Ireland
FHL,Fast Helicopters,FINDON,United Kingdom
FHS,Forth and Clyde Helicopter Services,HELISCOT,United Kingdom
FHY,Free Bird Airlines,FREE BIRD,Turkey
FIA,Four Island Air,ISLANDAIR,Antigua and Barbuda
FIC,Aerosafin,AEROSAFIN,Mexico
FIF,Air Finland,AIR FINLAND,Finland
FII,Aerodata Flight Inspection,FLIGHT CHECKER,Germany
FIL,Fly Line,FLYLINE,Spain
FIN,Finnair,FINNAIR,Finland
FIR,First Line Air,FIRSTLINE AIR,Sierra Leone
FIV,Citationshares,FIVE STAR,United States
FIX,Airfix Aviation,AIRFIX,Finland
FJC,Falcon Jet Centre,FALCONJET,United Kingdom
FJE,Silverjet,ENVOY,United Kingdom
FJI,Air Pacific,PACIFIC,Fiji
FJM,Fly Jamaica Airways,Greenheart,Jamaica
FJS,Florida Jet Service,FLORIDAJET,United States
FKA,Flying kangaroo Airline,Skippy,Australia
FKI,FLM Aviation Mohrdieck,KIEL AIR,Germany
FKL,Kelner Airways,KELNER,Canada
FKS,Focus Air,FOCUS,United States
FLA,Midway Express,PALM,United States
FLB,German Air Force - FLB,FLB,Germany
FLC,FINFO Flight Inspection Aircraft,FLIGHT CHECK,United States
FLD,Air Falcon,,Pakistan
FLE,Flair Airlines,FLAIR,Canada
FLF,Friendship Airlines,FRIEND AIR,Uganda
FLG,Pinnacle Airlines,FLAGSHIP,United States
FLH,Sky Bus,MILE HIGH,United States
FLI,Atlantic Airways,FAROELINE,Faroe Islands
FLK,Flylink Express,FLYLINK,Spain
FLL,Federal Airlines,FEDERAL AIRLINES,Sweden
FLM,Fly Air,FLY WORLD,Turkey
FLN,Flamingo Air-Line,ILIAS,Kazakhstan
FLO,Flycom,FLYCOM,Slovenia
FLP,Aeroclub Flaps,AEROCLUB FLAPS,Spain
FLR,Fleetair,FLEETAIR,South Africa
FLS,Fairlines,FAIRLINE,Netherlands
FLT,Flightline,FLIGHTLINE,United Kingdom
FLU,Flugschule Basel,YELLOW FLYER,Switzerland
FLW,FLowair Aviation,QUICKFLOW,France
FLX,Flight Express,FLIGHT EXPRESS,United States
FLY,Fly Me Sweden,FLYBIRD,Sweden
FLZ,Air Florida,AIR FLORIDA,United States
FMC,Claessens International Limited,CLAESSENS,United Kingdom
FMG,FMG Verkehrsfliegerschule Flughafen Paderborn-Lippstadt,HUSKY,Germany
FMR,Flamingo Air,FLAMINGO AIR,United States
FMS,Hadison Aviation,HADI,United States
FMT,Air Fret De Mauritanie,,Mauritania
FMY,Aviation Legere De L'Armee De Terre,FRENCH ARMY,France
FNA,Norlandair,NORLAND,Iceland
FNC,Finalair Congo,FINALAIR CONGO,Republic of the Congo
FNF,Finnish Air Force,FINNFORCE,Finland
FNG,Frontier Guard,FINNGUARD,Finland
FNK,Feniks Airline,AURIKA,Kazakhstan
FNL,Oulun Tilauslento,FINN FLIGHT,Finland
FNM,Avio Nord,,Italy
FNO,Aeroflota Del Noroeste,RIAZOR,Spain
FNT,L-3 Communications Flight Internation Aviation,FLIGHT INTERNATIONAL,United States
FNV,Transaviaservice,TRANSAVIASERVICE,Georgia
FNX,Aero Fenix,AERO FENIX,France
FNY,France Marine Nationale,FRENCH NAVY,France
FOB,Ford Motor Company,FORDAIR,United Kingdom
FOC,Office Federal De'Aviation Civile,FOCA,Switzerland
FOF,Fred. Olsen,,Norway
FOI,Flight Ops International,,United States
FOM,Freedom Air,FREE AIR,New Zealand
FOP,Fokker,,Netherlands
FOR,Formula One Management,FORMULA,United Kingdom
FOS,Formosa Airlines,,Taiwan
FOX,FOX Linhas Aereas,,Brazil
FPA,Flygprestanda,,Sweden
FPG,TAG Aviation,TAG AVIATION,Switzerland
FPO,Europe Airpost,FRENCH POST,France
FPR,Peruvian Air Force,,Peru
FPS,Flightpass Limited,FLIGHTPASS,United Kingdom
FPT,FlyPortugal,FlyPortugal,Portugal
FPY,African Company Airlines,AFRICOMPANY,Democratic Republic of the Congo
FQR,CheapFlyingInternational,cheapflying,France
FRA,FR Aviation,RUSHTON,United Kingdom
FRC,Icare Franche Compte,FRANCHE COMPTE,France
FRD,Ford Motor Company,FORD,United States
FRE,Freedom Air,FREEDOM,United States
FRF,Fly France,,France
FRG,Freight Runners Express,FREIGHT RUNNERS,United States
FRJ,Afrijet Airlines,AFRIJET,Nigeria
FRK,Afrika Aviation Handlers,AFRIFAST,Kenya
FRL,Freedom Airlines,FREEDOM AIR,United States
FRM,Federal Armored Service,FEDARM,United States
FRN,Farnair Netherlands,FARNED,Netherlands
FRQ,Afrique Chart'air,CHARTER AFRIQUE,Cameroon
FRR,Fresh Air,FRESH AIR,Nigeria
FRT,Aerofreight Airlines,,Russia
FRW,Farwest Airlines,FARWEST,United States
FSA,Foster Aviation,FOSTER-AIR,United States
FSB,FSB Flugservice & Development,SEABIRD,Germany
FSC,Four Star Aviation / Four Star Cargo,FOUR STAR,United States
FSD,EFS-Flugservice,FLUGSERVICE,Germany
FSH,Flash Airlines,FLASH,Egypt
FSL,Flight Safety Limited,FLIGHTSAFETY,United Kingdom
FSR,Flightstar Corporation,FLIGHTSTAR,United States
FST,Aereos Limited,FAST TRACK,United Kingdom
FSU,Flight Support Sweden,,Sweden
FSW,Faso Airways,FASO,Burkina Faso
FSX,Flagship Express Services,FLAG,United States
FTA,Frontier Flying Service,FRONTIER-AIR,United States
FTC,Air Affaires Tchad,AFFAIRES TCHAD,Chad
FTE,Fotografia F3,FOTOGRAFIA,Spain
FTI,FTI Fluggesellschaft,,Germany
FTM,Flyteam Aviation,FLYTEAM,United Kingdom
FTP,Keystone Aerial Surveys,FOOTPRINT,United States
FTR,Finist'air,FINISTAIR,France
FTS,First Sabre,FIRST SABRE,Mexico
FTY,ABC Bedarsflug,FLY TYROL,Austria
FUA,Futura International Airways,FUTURA,Spain
FUJ,Fujairah Aviation Centre,FUJAIRAH,United Arab Emirates
FUN,Funtshi Aviation Service,FUNTSHI,Democratic Republic of the Congo
FVA,Cardinal/Air Virginia,AIR VIRGINIA,United States
FVG,VG Airlines (IV),Nico,Belgium
FVM,Flugfelag Vestmannaeyja,ELEGANT,Iceland
FVS,Falcon Aviation Services,FALCON AVIATION,United Arab Emirates
FWA,Interstate Airline,FREEWAYAIR,Netherlands
FWC,Freeway Air,FREEWAY,Netherlands
FWD,Fair Wind Air Charter,FAIR WIND,United Arab Emirates
FWI,Air Caraïbes,FRENCH WEST,France
FWL,Florida West International Airways,FLO WEST,United States
FWQ,Flight West Airlines,,Australia
FWY,Fairways Corporation,FAIRWAYS,United States
FWZ,Flugwerkzeuge Aviation Software,,Austria
FXA,Express Air,EFFEX,United States
FXC,Fortunair Canada,AIR FUTURE,Canada
FXF,VIP Air Charter,FOX FLIGHT,United States
FXI,Air Iceland,FAXI,Iceland
FXL,Fly Excellent,FLY EXCELLENT,Sweden
FXR,Foxair,WILDFOX,Italy
FXT,Flexflight,,Denmark
FXX,Felix Airways,,Yemen
FXY,Flexair,FLEXY,Netherlands
FYA,Servicios Aereos Integrales / Flyant,FLYANT,Spain
FYE,Easy Link Aviation Services,FLYME,Nigeria
FYG,Flying Service,FLYING GROUP,Belgium
FYH,Flyhy Cargo Airlines,FLY HIGH,Thailand
FYJ,FLYJET,Fast Jet,Poland
FYN,Comfort Air,FLYNN,Germany
FYS,American Flyers,AMERICAN FLYERS,United States
FZA,Fuzhou Airlines,,China
FZW,Fly Africa Zimbabwe,Fresh Express,Zimbabwe
GAA,Business Express,BIZEX,United States
GAB,Gendall Air,GENDALL,Canada
GAD,South Coast Aviation,SOUTHCOAST,United Kingdom
GAE,Grand Aire Express,GRAND EXPRESS,United States
GAF,German Air Force,GERMAN AIR FORCE,Germany
GAG,Global Air Operations,GLOBAL AIRGROUP,Comoros
GAH,Ga-Ma Helicoptere,GAMHELICO,France
GAI,Moskovia Airlines,GROMOV AIRLINE,Russia
GAK,Global Aviation and Services Group,AVIAGROUP,Libya
GAL,Galaxy Air,GALAXY,Kyrgyzstan
GAM,German Army,GERMAN ARMY,Germany
GAN,Gander Aviation,GANAIR,Canada
GAO,Golden Air,GOLDEN,Sweden
GAP,Air Philippines,ORIENT PACIFIC,Philippines
GAQ,Golfe Air Quebec,GOLFAIR,Canada
GAR,Commodore Aviation,,Australia
GAS,Galena Air Service,GALENA AIR SERVICE,United States
GAT,Gulf Air Inc,GULF TRANS,United States
GAU,Aerogaucho,AEROGAUCHO,Uruguay
GAV,Granada Aviacion,GRANAVI,Spain
GAX,Full Express,GRAND AIRE,United States
GBA,Gulf Air Bahrain,GULF BAHRAIN,Bahrain
GBB,Global Aviation Operations,GLOBE,South Africa
GBE,Gabon Express,GABEX,Gabon
GBJ,Aero Business Charter,GLOBAL JET,Germany
GBK,Gabon Airlines,GABON AIRLINES,Gabon
GBL,GB Airways,GEEBEE AIRWAYS,United Kingdom
GBN,Atlantic Airlines,ATLANTIC GABON,Gabon
GBO,Ogooue Air Cargo,,Gabon
GBR,Rader Aviation,GREENBRIER AIR,United States
GBS,Global Air Services Nigeria,GLOBAL SERVE,Nigeria
GBT,Gold Belt Air Transport,GOLD BELT,Canada
GBX,GB Airlink,ISLAND TIGER,United States
GCA,Grand Cru Airlines,,Lithuania
GCB,Lignes Nationales Aeriennes - Linacongo,LINACONGO,Republic of the Congo
GCC,GECAS,GECAS,Ireland
GCF,Aeronor,AEROCARTO,Spain
GCK,Aerogem Cargo,AEROGEM,Ghana
GCN,Gulf Central Airlines,GULF CENTRAL,United States
GCO,Gemini Air Cargo,GEMINI,United States
GCR,Tianjin Airlines,,China
GCS,GCS Air Service,GALION,United States
GDA,GoldAir,AIR PARTNER,United Kingdom
GDB,Gendarmerie Belge,BELGIAN GENERMERIE,Belgium
GDC,Grand China Air,GRAND CHINA,China
GDD,Golden Airlines,GOLDEN AIRLINES,United States
GDE,Servicios Aereos Gadel,GADEL,Mexico
GDG,S.P. Aviation,GOLDEN GATE,United States
GDH,Guneydogu Havacilik Isletmesi,RISING SUN,Turkey
GDK,Goldeck-Flug,GOLDECK FLUG,Austria
GDN,Gerry's Dnata,,Pakistan
GDQ,Lincoln Air National Guard,,United States
GDR,Gadair European Airlines,GADAIR,Spain
GEA,Guinea Ecuatorial Airlines,GEASA,Equatorial Guinea
GEC,Lufthansa Cargo,LUFTHANSA CARGO,Germany
GED,Europe Air Lines,LANGUEDOC,France
GEE,Geesair,GEESAIR,Canada
GEG,Georgian Airlines,,Georgia
GEN,GENSA,GENSA-BRASIL,Brazil
GER,German International Air Lines,,Germany
GES,Gestair,GESTAIR,Spain
GET,GETRA,GETRA,Equatorial Guinea
GFA,Gulf Air,GULF AIR,Oman
GFC,Gail Force Express,GAIL FORCE,United States
GFD,Gesekkschaft Fur Flugzieldarstellung,KITE,Germany
GFF,Griffin Aviation,GRIFFIN AIR,Cyprus
GFG,Georgian National Airlines,NATIONAL,Georgia
GFI,Caribbean Star Airlines,CARIB STAR,Antigua and Barbuda
GFN,The 955 Preservation Group,GRIFFON,United Kingdom
GFO,Aerovias del Golfo,AEROVIAS GOLFO,Mexico
GFS,Gulfstream Airlines,GULFSTAR,United States
GFT,Gulfstream International Airlines,GULF FLIGHT,United States
GFW,GFW Aviation,,Australia
GFY,Greenfly,,Spain
GGA,First Flying Squadron,JAWJA,United States
GGC,Cargo 360,LONG-HAUL,United States
GGE,Gobierno De Guinea Ecuatorial,,Equatorial Guinea
GGF,Georgian Cargo Airlines Africa,GEORGIAN AFRICA,Senegal
GGL,Aeronautica,GIRA GLOBO,Angola
GGN,Air Georgian,GEORGIAN,Canada
GGS,GATSA,GATSA,Mexico
GGV,Houston Jet Services,GREGG AIR,Austria
GGZ,Global Georgian Airways,GLOBAL GEORGIAN,Georgia
GHA,Ghana Airways,GHANA,Ghana
GHB,Ghana International Airlines,GHANA AIRLINES,Ghana
GHI,GH Stansted Limited,,United Kingdom
GHL,Aviance,HANDLING,United Kingdom
GHN,Air Ghana,AIR GHANA,Ghana
GHP,Colvin Aviation,GRASSHOPPER EX,United States
GHS,Gatari Hutama Air Services,GATARI,Indonesia
GHT,Ghadames Air Transport,,Libya
GHV,Ground Handling Service de Mexico,GROUND HANDLING,Mexico
GHY,German Sky Airlines,GERMAN SKY,Germany
GIA,Garuda Indonesia,INDONESIA,Indonesia
GIB,GR-Avia,GRAVIA,Guinea
GIC,Compagnie de Bauxites de Guinee,CEBEGE,Guinea
GIE,Elysian Airlines,,Cameroon
GIF,Guinee Airlines,GUINEE AIRLINES,Guinea
GIG,Gacela Air Cargo,GACELA AIR,Mexico
GIH,Union des Transports Africains de Guinee,TRANSPORT AFRICAIN,Guinea
GIJ,Guinea Airways,GUINEA AIRWAYS,Guinea
GIK,Seba Airlines,SEBA,Guinea
GIL,African International Transport,AFRICAN TRANSPORT,Guinea
GIP,Air Guinee Express,FUTURE EXPRESS,Guinea
GIQ,Guinee Paramount Airlines,GUIPAR,Guinea
GIY,Probiz Guinee,PROBIZ,Guinea
GIZ,Africa Airlines,AFRILENS,Guinea
GJA,Globe Jet,,Lebanon
GJB,Trans-Air-Link,SKY TRUCK,United States
GJS,GoJet Airlines,GATEWAY,United States
GJT,Gestion Aerea Ajecutiva,BANJET,Spain
GKA,US Army Parachute Team,GOLDEN KNIGHTS,United States
GLA,Great Lakes Airlines,LAKES AIR,United States
GLB,Air Castle Corporation / Global Airways,GLO-AIR,United States
GLC,Global Aircargo,,Bahrain
GLD,Golden Star Air Cargo,GOLDEN STAR,Sudan
GLE,Goliaf Air,GOLIAF AIR,Sao Tome and Principe
GLF,Gulfstream Aerospace,GULFSTREAM TEST,United States
GLG,Aerolineas Galapagos (Aerogal),AEROGAL,Ecuador
GLJ,Global Jet Austria,GLOBAL AUSTRIA,Austria
GLL,Air Gemini,TWINS,Angola
GLO,Gol Transportes Aéreos,GOL TRANSPORTE,Brazil
GLP,Globus,,Russia
GLQ,El Quilada International Aviation,QUILADA,Sudan
GLR,Central Mountain Air,GLACIER,Canada
GLS,Galaircervis,GALS,Ukraine
GLT,Aero Charter,GASLIGHT,United States
GLU,Great Lakes Airways (Uganda),LAKES CARGO,Uganda
GLW,Global Wings,,Japan
GMA,Gama Aviation,GAMA,United Kingdom
GMC,General Motors,GENERAL MOTORS,United States
GME,Aguilas Mayas Internacional,MAYAN EAGLES,Guatemala
GMG,GM Helicopters,GEE-EM HELICOPTERS,Latvia
GMH,Hughes Aircraft Company,HUGHES EXPRESS,United States
GMI,Germania,GERMANIA,Germany
GMJ,Gamisa Aviacion,GAMISA,Spain
GML,G & L Aviation,GEEANDEL,South Africa
GMM,Aerotaxis Guamuchil,AEROGUAMUCHIL,Mexico
GMR,Golden Myanmar Airlines,Golden Myanmar,Burma
GMS,Aeroservicios Gama,SERVICIOS GAMA,Mexico
GMT,Grupoaereo Monterrey,GRUPOMONTERREY,Mexico
GNA,Servicios Aereos Gana,SERVIGANA,Mexico
GNC,Guinea Cargo,GUINEA CARGO,Equatorial Guinea
GND,Grand Airways,GRAND VEGAS,United States
GNF,Gandalf Airlines,Gandalf,Italy
GNJ,Gain Jet Aviation,HERCULES JET,Greece
GNL,135 Airways,GENERAL,United States
GNN,Georgian International Airlines,GEO-LINE,Georgia
GNR,Gambia International Airlines,GAMBIA INTERNATIONAL,Gambia
GNS,Eastern Executive Air Charter,GENESIS,United Kingdom
GNT,Amber Air,GINTA,Lithuania
GNX,Genex,,Belarus
GNY,German Navy,GERMAN NAVY,Germany
GNZ,General Aviation,GONZO,Poland
GOA,Alberta Government,ALBERTA,Canada
GOB,Dash Aviation,PILGRIM,United Kingdom
GOD,GoDutch,,Netherlands
GOE,Go Fly (United Kingdom),Go Flight,United Kingdom
GOF,Gof-Air,GOF-AIR,Mexico
GOI,Gofir,SWISS HAWK,Switzerland
GOJ,EuroJet Aviation,GOJET,United Kingdom
GOL,Cardolaar,CARGOLAAR,Namibia
GOM,Gomel Airlines,GOMEL,Belarus
GOR,Gorlitsa Airlines,GORLITSA,Ukraine
GOS,Goldfields Air Services,,Australia
GOT,Walter I Linkoping,GOTHIC,Sweden
GOW,Go Air,GOAIR,India
GPA,Golden Pacific Airlines,GOLDEN PAC,United States
GPC,Gulf Pearl Air Lines,AIR GULFPEARL,Libya
GPD,Tradewind Aviation,GOODSPEED,United States
GPE,GP Express Airlines,REGIONAL EXPRESS,United States
GPL,DLR,GERMAN POLAR,Germany
GPM,Grup Air-Med,GRUPOMED,Spain
GPR,GPM Aeroservicio,GPM AEROSERVICIO,Mexico
GRA,Great American Airways,GREAT AMERICAN,United States
GRD,National Grid,GRID,United Kingdom
GRE,Air Scotland,GREECE AIRWAYS,Greece
GRG,Air Georgia,AIR GEORGIA,Georgia
GRI,Air Cargo Center,,Sao Tome and Principe
GRL,Air Greenland,GREENLAND,Denmark
GRN,Rio Grande Air,GRANDE,United States
GRO,Allegro,ALLEGRO,Mexico
GRP,Great Plains Airlines,GREAT PLAINS,United States
GRR,Agroar - Trabalhos Aereos,AGROAR,Portugal
GRS,Golden Rule Airlines,GOLDEN RULE,Kyrgyzstan
GRT,Gabon-Air-Transport,,Gabon
GRV,Vernicos Aviation,NIGHT RIDER,Greece
GRX,Aircompany Grodno,GRODNO,Belarus
GRY,New York State Police,GRAY RIDER,United States
GRZ,Government of Zambia Communications Flight,COM FLIGHT,Zambia
GSA,Garden State Airlines,GARDEN STATE,United States
GSJ,Grossmann Jet Service,GROSSJET,Czech Republic
GSK,Global Sky Aircharter,GLOBAL SKY,United States
GSL,Geographic Air Surveys,SURVEY-CANADA,Canada
GSM,Flyglobespan,GLOBESPAN,United Kingdom
GSP,Airlift Alaska,GREEN SPEED,United States
GSS,Global Supply Systems,JET LIFT,United Kingdom
GSV,Agrocentr-Avia,AGRAV,Kazakhstan
GSW,Sky Wings Airlines,,Greece
GSY,Guard Systems,GUARD AIR,Norway
GTA,City Airways,CITY AIR,Thailand
GTC,Altin Havayolu Tasimaciligi Turizm Ve Ticaret,GOLDEN WINGS,Turkey
GTH,General Aviation Flying Services,GOTHAM,United States
GTI,Atlas Air,GIANT,United States
GTP,Aerotaxi Grupo Tampico,GRUPOTAMPICO,Mexico
GTR,Gestar,STAR GESTAR,Chile
GTV,Empresa de Aviacion Aerogaviota,GAVIOTA,Cuba
GTX,GTA Air,BIG-DEE,United States
GTY,National Aviation Company,,Egypt
GUA,Aerotaxis de Aguascalientes,AGUASCALIENTES,Mexico
GUF,Gulf African Airlines - Gambia,GULF AFRICAN,
GUG,Aviateca,AVIATECA,Guatemala
GUI,Aguilar Connect,Moonexpress,Chile
GUJ,Gujarat Airways,GUJARATAIR,India
GUL,Gull Air,GULL-AIR,United States
GUM,Gum Air,GUM AIR,Suriname
GUN,Grant Aviation,HOOT,United States
GUS,Guja,GUJA,Mexico
GUY,Air Guyane,GREEN BIRD,French Guiana
GVG,Flygaktiebolaget Gota Vingar,BLUECRAFT,Sweden
GVI,Air Victoria Georgia,IRINA,Georgia
GVN,Gavina,GAVINA,Spain
GWA,Great Western Air,G-W AIR,United States
GWI,Germanwings,GERMAN WINGS,Germany
GWL,Great Wall Airlines,GREAT WALL,China
GWN,Gwyn Aviation,GWYN,United Kingdom
GWS,General Airways,GENAIR,South Africa
GWY,USA3000 Airlines,GETAWAY,United States
GXA,Grixona,GRIXONA,Moldova
GXG,GermanXL,,Germany
GXL,Star XL German Airlines,STARDUST,Germany
GXY,Galaxy Airlines,GALAX,Japan
GYP,Eagle Aviation,GYPSY,United Kingdom
GZA,Excellent Air,EXCELLENT AIR,Germany
GZD,Grizodubova Air Company,GRIZODUBOVA AIR,Russia
GZP,Gazpromavia,GAZPROMAVIA,Russia
HAA,Helicopteros Agroforestal,AGROFORESTAL,Chile
HAC,Henebury Aviation,,Australia
HAD,Air D'Ayiti,HAITI AVIA,Haiti
HAF,Hellenic Air Force,HELLENIC AIR FORCE,Greece
HAG,Hageland Aviation Services,HAGELAND,United States
HAH,Air Comores International,AIR COMORES,Comoros
HAI,Century Aviation International,,Canada
HAJ,Hajvairy Airlines,HAJVAIRY,Pakistan
HAK,Pegasus Helicopters,HELIFALCON,Norway
HAL,Hawaiian Airlines,HAWAIIAN,United States
HAM,Haiti Ambassador Airlines,,Haiti
HAN,Hansung Airlines,HANSUNG AIR,Republic of Korea
HAP,Helicopteros Aero Personal,HELIPERSONAL,Mexico
HAR,Harbor Airlines,HARBOR,United States
HAS,Honduras Airlines,HONDURAS AIR,Honduras
HAT,Air Taxi,TAXI BIRD,France
HAU,Skyhaul,SKYHAUL,Japan
HAV,Havilah Air Services,HAVILAH,Nigeria
HAW,Bangkok Aviation Center,THAI HAWK,Thailand
HAX,Benair,SCOOP,Norway
HAY,Hamburg Airways,,Germany
HBA,Trail Lake Flying Service,HARBOR AIR,United States
HBC,Haitian Aviation Line,HALISA,Haiti
HBH,Hebei Airlines,Hebei Air,China
HBI,CHC Denmark,HELIBIRD,Denmark
HBL,Faroecopter,HELIBLUE,Denmark
HBR,Hebradran Air Services,Hebradran,United Kingdom
HBT,Polizeihubschrauberstaffel Thuringen,HABICHT,Germany
HBU,Universal Avia,KHARKIV UNIVERSAL,Ukraine
HCA,Lake Havasu Air Service,HAVASU,United States
HCB,Helenair (Barbados),HELEN,Barbados
HCC,Holidays Czech Airlines,,Czech Republic
HCL,Helenair Corporation,HELENCORP,Saint Lucia
HCN,Halcyon Air/Bissau Airways,HALCYON,Guinea-Bissau
HCP,Helicopter,HELI CZECH,Czech Republic
HCW,Star1 Airlines,,Lithuania
HCY,Helios Airways,HELIOS,Cyprus
HDA,Dragonair, Hong Kong Dragon Airlines,DRAGON
HDC,Helcopteros De Cataluna,HELICATALUNA,Spain
HDI,Hoteles Dinamicos,DINAMICOS,Mexico
HDR,Helikopterdrift,HELIDRIFT,Norway
HEA,Heliavia-Transporte Aereo,HELIAVIA,Portugal
HEB,Heli Bernina,HELIBERNINA,Switzerland
HEC,Heliservicio Campeche,HELICAMPECHE,Mexico
HED,Herritage Aviation Developments,FLAPJACK,United Kingdom
HEI,Aerohein,AEROHEIN,Chile
HEJ,Hellas Jet,HELLAS JET,Greece
HEL,Helicol,HELICOL,Colombia
HEM,CHC Helicopters,HEMS,Australia
HEN,Helicopteros Y Vehiculos Nacionales Aereos,HELINAC,Mexico
HER,Hex'Air,HEX AIRLINE,France
HET,TAF Helicopters,HELITAF,Spain
HEX,Honiara Cargo Express,HONIARA CARGO,Solomon Islands
HEY,Hellenic Airways,Hellenic,Greece
HFR,Heli France,HELIFRANCE,France
HFY,Hi Fly,SKY FLYER,Portugal
HGA,Hogan Air,HOGAN AIR,United States
HGD,Hangard Aviation,HANGARD,Mongolia
HGH,Atlantic Air Lift,HIGHER,France
HGK,Fika Salaama Airlines,SALAAMA,Uganda
HGR,Hangar 8,HANG,United Kingdom
HHA,Atlantic Airlines de Honduras,ATLANTIC HONDURAS,Honduras
HHE,Heli-Holland,HELI HOLLAND,Netherlands
HHH,Helicsa,HELICSA,Spain
HHI,Hamburg International,HAMBURG JET,Germany
HHN,Hahn Air,ROOSTER,Germany
HHO,Houston Helicopters,HOUSTON HELI,United States
HHP,Helenia Helicopter Service,HELENIA,Denmark
HHS,Hi-Jet Helicopter Services,HIJET,Suriname
HIA,Canadian Eagle Aviation,HAIDA,Canada
HIB,Helibravo Aviacao,HELIBRAVO,Portugal
HID,Aviacion Ejecutiva De Hildago,EJECUTIVA HIDALGO,Mexico
HIF,Heli-Iberica Fotogrametria,HIFSA,Spain
HIG,Heli-Inter Guyane,INTER GUYANNE,France
HIN,Holding International Group,HOLDING GROUP,Mexico
HIP,Starship,STARSA,Mexico
HIS,Hispaniola Airways,HISPANIOLA,Dominican Republic
HIT,Helitalia,HELITALIA,Italy
HJA,Air Haiti,AIRHAITI,Haiti
HJE,Servicios Ejecutivos Gosa,GOSA,Mexico
HJL,Hamlin Jet,BIZJET,United Kingdom
HJT,Al Rais Cargo,AL-RAIS CARGO,United Arab Emirates
HKA,Superior Aviation,SPEND AIR,United States
HKE,Hong Kong Express Airways,HONGKONG SHUTTLE,Hong Kong SAR of China
HKG,Government Flying Service,HONGKONG GOVERNMENT,Hong Kong SAR of China
HKH,Air-Invest,HAWKHUNGARY,Hungary
HKI,Hawkaire,HAWKEYE,United States
HKL,Hak Air,HAK AIRLINE,Nigeria
HKN,Jim Hankins Air Service,HANKINS,United States
HKR,Hawk Air,AIR HAW,Argentina
HKS,CHC Helikopter Service,HELIBUS,Norway
HLA,HC Airlines,HEAVYLIFT,United Kingdom
HLB,High-Line Airways,HIGH-LINE,Canada
HLC,Helicap,HELICAP,France
HLD,Grampian Flight Centre,GRANITE,United Kingdom
HLE,UK HEMS,HELIMED,United Kingdom
HLF,Hapagfly,HAPAG LLOYD,Germany
HLG,Helog,HELOG,Switzerland
HLH,Hala Air,HALA AIR,Sudan
HLI,Heli Securite,HELI SAINT-TROPEZ,France
HLK,Heli-Link,HELI-LINK,Switzerland
HLM,Heli Medwest De Mexico,HELIMIDWEST,Mexico
HLO,Samaritan Air Service,HALO,Canada
HLP,Helipistas,HELIPISTAS,Spain
HLR,Heli Air Services,HELI BULGARIA,Bulgaria
HLS,Haiti Air Freight,,Haiti
HLT,Helitafe,HELITAFE,Mexico
HLU,Heli Union Heli Prestations,HELI UNION,France
HLW,Heliworks,HELIWORKS,Chile
HLX,TUIfly,YELLOW CAB,Germany
HMA,Air Tahoma,TAHOMA,United States
HMC,Heliamerica De Mexico,HELIAMERICA,Mexico
HMD,Charlie Hammonds Flying Service,HAMMOND,United States
HMF,Norrlandsflyg,LIFEGUARD SWEDEN,Sweden
HMM,Hamra Air,HAMRA,United Arab Emirates
HMP,Papair Terminal,PAPAIR TERMINAL,Haiti
HMR,North American Charters,HAMMER,Canada
HMS,Hemus Air,HEMUS AIR,Bulgaria
HMT,Air Nova,HAMILTON,Canada
HMV,Homac Aviation,HOMAC,Luxembourg
HMX,Hawk De Mexico,HAWK MEXICO,Mexico
HMY,Harmony Airways,HARMONY,Canada
HNA,Greek Navy,HELLENIC NAVY,Greece
HNR,Haiti National Airlines (HANA),HANAIR,Haiti
HNT,Helicopteros Internacionales,HELICOP INTER,Mexico
HNX,Hankook Airline,HNX,South Korea
HOA,Hola Airlines,HOLA,Spain
HOL,Holiday Airlines,HOLIDAY,United States
HOM,Aero Homex,AERO HOMEX,Mexico
HOR,Horizon Air-Taxi,HORIZON,Switzerland
HOZ,Horizontes Aereos,HORIZONTES AEREOS,Mexico
HPA,Pearl Airways,PEARL AIRWAYS,Haiti
HPJ,Hop-A-Jet,HOPA-JET,United States
HPL,Heliportugal,HELIPORTUGAL,Portugal
HPO,Almiron Aviation,ALMIRON,Uganda
HPR,Rick Lucas Helicopters,HELIPRO,New Zealand
HPS,Horizon Plus,HORIZON PLUS,Bangladesh
HPY,Happy Air,,Thailand
HQO,Avinor,,Norway
HRA,Heli-Iberica,ERICA,Spain
HRB,Haiti International Airline,HAITI AIRLINE,Haiti
HRH,Royal Tongan Airlines,TONGA ROYAL,Tonga
HRI,Skyraidybos Mokymo Centras,HELIRIM,Lithuania
HRM,Hermes Airlines,HERMES,Greece
HRT,Chartright Air,CHARTRIGHT,Canada
HRZ,Croatian Air Force,CROATIAN AIRFORCE,Croatia
HSA,East African Safari Air,DUMA,Kenya
HSE,Compania Helicopteros Del Sureste,HELISURESTE,Spain
HSI,Heliswiss,HELISWISS,Switzerland
HSK,Sky Europe Airlines,MATRA,Slovakia
HSM,Horizon Air for Transport and Training,ALOFUKAIR,Libya
HSO,Campania Helicopteros De Transporte,HELIASTURIAS,Spain
HSP,International Jet Charter,HOSPITAL,United States
HSR,Citylink Airlines,HOOSIER,United States
HSS,Compania Transportes Aereos Del Sur,TAS HELICOPTEROS,Spain
HST,Hellenic Star Airways,Hellenic Star,Greece
HSU,Helisul,HELIS,Portugal
HSV,Svenska Direktflyg,HIGHSWEDE,Sweden
HSY,Sky Helicopteros,HELISKY,Spain
HTA,Helitrans,SCANBIRD,Norway
HTC,Haiti Trans Air,HAITI TRANSAIR,Haiti
HTE,Midwest Helicopters De Mexico,HELICOPTERSMEXICO,Mexico
HTG,Grossmann Air Service,GROSSMANN,Austria
HTH,Helitt Líneas Aéreas,,Spain
HTI,Haiti International Air,HAITI INTERNATIONAL,Haiti
HTL,Jet Link Aviation,HEARTLAND,United States
HTN,Haiti North Airline,,Haiti
HTO,Tango Bravo,HELI TANGO,France
HTP,Heli Trip,HELI TRIP,Mexico
HTR,Holstenair Lubeck,HOLSTEN,Germany
HTS,Helitrans Air Service,HELITRANS,United States
HTT,Air Tchad,HOTEL TANGO,Chad
HUB,Hub Airlines,HUB,United States
HUC,Aerloineas de Techuacan,LINEAS TEHUACAN,Mexico
HUD,Horizons Unlimited,HUD,United States
HUF,Hungarian Air Force,HUNGARIAN AIRFORCE,Hungary
HUR,Miami Air Charter,HURRICANE CHARTER,United States
HUS,Huessler Air Service,HUESSLER,United States
HUT,Aerotransportes Huitzilin,AEROHUITZILIN,Mexico
HUV,Hunair Hungarian Airlines,SILVER EAGLE,Hungary
HUY,Aero Transportes Del Humaya,AERO HUMAYA,Mexico
HVA,Newair,HAVEN-AIR,United States
HVK,Turkish Air Force,TURKISH AIRFORCE,Turkey
HVL,Heavylift International,HEAVYLIFT INTERNATIONAL,United Arab Emirates
HVN,Vietnam Airlines,VIET NAM AIRLINES,Vietnam
HVY,Heavylift Cargo Airlines,HEAVY CARGO,Australia
HWD,HPM Investments,FLITEWISE,United Kingdom
HWY,Highland Airways,HIWAY,United Kingdom
HXA,China Express Airlines,CHINA EXPRESS,China
HYA,Hyack Air,HYACK,Canada
HYC,Hydro Air Flight Operations,HYDRO CARGO,South Africa
HYD,Hydro-Québec,HYDRO,Canada
HYH,Heli Hungary,HELIHUNGARY,Hungary
HYM,Himalayan Airlines,Himalayan,Nepal
HYR,Airlink Airways,HIGHFLYER,Ireland
HZA,Horizon Airlines,,Australia
HZL,Hazelton Airlines,HAZELTON,Australia
HZT,Air Horizon,HORIZON TOGO,Togo
HZX,Citic General Aviation,ZHONGXIN,China
IAA,Indonesian Airlines,INDO LINES,Indonesia
IAC,Indian Airlines,INDAIR,India
IAD,Fly Wex,FLYWEX,Italy
IAE,AC Insat-Aero,,Russia
IAF,Israeli Air Force,,Israel
IAG,EPAG Groupe Air France,EPAG,France
IAI,Israel Aircraft Industries,ISRAEL AIRCRAFT,Israel
IAJ,Islandair Jersey,JARLAND,United Kingdom
IAK,International Air Cargo Corporation,AIR CARGO EGYPT,Egypt
IAM,Aeronautica Militare,Italian Airforce,Italy
IAR,Iliamna Air Taxi,ILIAMNA AIR,United States
IAS,International Air Service,STARFLEET,United States
IAW,Iraqi Airways,IRAQI,Iraq
IAX,International Air Services,INTERAIR SERVICES,Liberia
IAY,Deadalos Flugtbetriebs,IASON,Austria
IBB,Binter Canarias,,Spain
IBC,Ibicenca Air,IBICENCA,Spain
IBE,Iberia Airlines,IBERIA,Spain
IBK,Norwegian Air International (D8),NORTRANS,Norway
IBL,IBL Aviation,CATOVAIR,Mauritius
IBR,Ibertour Servicios Aereos,IBERTOUR,Spain
IBS,Iberia Express,,Spain
IBT,Ibertrans Aerea,IBERTRANS,Spain
IBU,Indigo,INDIGO BLUE,United States
IBX,Ibex Airlines,IBEX,Japan
IBY,International Business Aircraft,CENTRAL STAGE,United States
IBZ,International Business Air,INTERBIZ,Sweden
ICA,Icaro,ICARFLY,Italy
ICB,Icebird Airline,ICEBIRD,Iceland
ICC,Instituto Cartografico de Cataluna,CARTO,Spain
ICD,Icaro,ICARO,Ecuador
ICE,Icelandair,ICEAIR,Iceland
ICG,Icelandic Coast Guard,ICELAND COAST,Iceland
ICJ,Icejet,ICEJET,Iceland
ICL,CAL Cargo Air Lines,CAL,Israel
ICM,Air Inter Cameroun,INTER-CAMEROUN,Cameroon
ICN,Inter-Canadian,INTER-CANADIAN,Canada
ICP,Intercopters,CHOPER,Spain
ICR,Eagle Aero,ICARUS FLIGHTS,United States
ICS,International Charter Services,INTERSERVI,Mexico
ICT,Intercontinental de Aviaci,CONTAVIA,Colombia
ICX,International Charter Xpress,INTEX,United States
IDA,Indonesia Air Transport,INTRA,Indonesia
IDE,Independence Air,INDEPENDENCE AIR,United States
IDG,IDG Technology Air,INDIGO,Czech Republic
IDL,Ildefonso Redriguez,ILDEFONSO,Mexico
IDP,Independent Air Freighters,INDEPENDENT,Australia
IDR,Indicator Company,INDICATOR,Hungary
IDS,Indonesia Sky,,Indonesia
IDX,Indonesa Air Aisa X,Red Phoenix,Indonesia
IEA,Inter European Airways,,United Kingdom
IEP,Elipiu',ELIPIU,Italy
IFA,FAI Airservice,RED ANGLE,Germany
IFC,Indian Air Force,INDIAN AIRFORCE,India
IFF,Interfreight Forwarding,INTERFREIGHT,Sudan
IFI,Air Lift,HELLAS LIFT,Greece
IFL,IFL Group,EIFEL,United States
IFS,Italy First,RIVIERA,Italy
IFT,Interflight,INTERFLIGHT,United Kingdom
IFX,International Flight Training Academy,IFTA,United States
IGA,Skytaxi,IGUANA,Poland
IGN,Interguide Air,DIVINE AIR,Nigeria
IGO,IndiGo Airlines,IFLY,India
IGS,Isle Grande Flying School,ISLA GRANDE,United States
IHE,Interjet Helicopters,INTERCOPTER,Greece
IHS,Thryluthjonustan,,Iceland
IIA,AIR INDOCHINE,,Vietnam
IIG,International Company for Transport, Trade and Public Works,ALDAWLYH AIR
IIL,India International Airways,INDIA INTER,India
IIN,Inter Islands Airlines,,Cape Verde
IIR,INAVIA Internacional,,Argentina
IJA,International Jet Aviation Services,I-JET,United States
IJE,Ivoire Jet Express,IVOIRE JET,Ivory Coast
IJM,IJM International Jet Management,JET MANAGEMENT,Austria
IJS,Silvair,,United States
IJT,Interflight (Learjet),,United Kingdom
IKA,Itek Air,ITEK-AIR,Kyrgyzstan
IKK,IKI International Airlines,IKIAIR,Japan
IKM,Aero Survey,GHANA SURVEY,Ghana
IKN,IKON FTO,IKON,Germany
IKR,Ikaros DK,IKAROS,Denmark
IKY,Intersky,GENERAL SKY,Bulgaria
ILC,Island Link,,Japan
ILF,Island Air Charters,ISLAND FLIGHT,United States
ILK,Aero Airline,ILEK,Kazakhstan
ILL,Ilyich-Avia,ILYICHAVIA,Ukraine
ILN,Interair South Africa,INLINE,South Africa
ILP,Ilpo Aruba Cargo,,Aruba
ILS,Servicios Aereos Ilsa,SERVICIOS ILSA,Mexico
ILV,Il-Avia,ILAVIA,Russia
ILW,Illinois Airways,,United States
ILY,Fly Illi,,United States
IMA,Inter-Mountain Airways,INTER-MOUNTAIN,United States
IME,Airtime Charters,AIRTIME,United Kingdom
IMN,Aerotaxis Cimarron,TAXI CIMARRON,Mexico
IMP,Hellenic Imperial Airways,IMPERIAL,Greece
IMR,Imaer,IMAER,Portugal
IMT,Imtrec Aviation,IMTREC,Cambodia
IMX,Zimex Aviation,ZIMEX,Switzerland
INA,Aero International,AERO-NACIONAL,Mexico
INC,Insel Air International,INSELAIR,Netherlands Antilles
IND,Iona National Airways,IONA,Ireland
INE,International Europe,,Spain
ING,Aeroingenieria,AEROINGE,Chile
INK,Sincom-Avia,SINCOM AVIA,Ukraine
INL,Intal Avia,INTAL AVIA,Kyrgyzstan
INO,Aeroservicios Intergrados de Norte,INTENOR,Mexico
INP,Peruvian Navy,,Peru
INS,Inflite The Jet Centre,,United Kingdom
INT,Intair,INTAIRCO,Canada
INU,Flyguppdraget Backamo,INSTRUCTOR,Sweden
INV,Inversija,INVER,Latvia
INX,Inter Express,INTER-EURO,Turkey
IOA,Iowa Airways,IOWA AIR,United States
IOM,Island Aviation and Travel,ISLE AVIA,United Kingdom
IOS,Isles of Scilly Skybus,SCILLONIA,United Kingdom
IPA,IPEC Aviation,IPEC,Australia
IPL,Airpull Aviation,IPULL,Spain
IPM,IPM Europe,SHIPEX,United Kingdom
IPN,Industri Pesawat Terbang Nusantara,NUSANTARA,Indonesia
IPT,Interport Corporation,INTERPORT,United States
IPV,Parmiss Airlines (IPV),IPV,Iran
IQQ,Caribbean Airways,CARIBJET,Barbados
IRA,Iran Air,IRANAIR,Iran
IRB,Iranair Tours,,Iran
IRC,Iran Aseman Airlines,,Iran
IRD,Arvand Airlines,ARVAND,Iran
IRE,Pariz Air,PARIZAIR,Iran
IRF,TA-Air Airline,TA-AIR,Iran
IRG,Naft Air Lines,NAFT,Iran
IRH,Atlas Aviation Group,ATLAS AVIA,Iran
IRI,Navid,NAVID,Iran
IRJ,Bonyad Airlines,BONYAD AIR,Iran
IRK,Kish Air,KISHAIR,Iran
IRL,Irish Air Corps,IRISH,Ireland
IRM,Mahan Air,MAHAN AIR,Iran
IRO,CSA Air,IRON AIR,United States
IRP,Payam Air,PAYAMAIR,Iran
IRQ,Qeshm Air,QESHM AIR,Iran
IRR,Tara Air Line,TARAIR,Iran
IRT,Irtysh Airlines,IRTYSH AIRLINES,Uzbekistan
IRU,Chabahar Airlines,CHABAHAR,Iran
IRV,Safat Airlines,SAFAT AIR,Iran
IRW,Aram Airline,ARAM,Iran
IRX,Aria Tour,ARIA,Iran
IRY,Eram Air,ERAM AIR,Iran
IRZ,Saha Airlines Services,SAHA,Iran
ISD,ISD Avia,ISDAVIA,Ukraine
ISF,International Sabilisation Assistance Force,,United Kingdom
ISG,Club Air,CLUBAIR,Italy
ISI,Island Air,ISLANDMEX,Mexico
ISK,Intersky,INTERSKY,Austria
ISL,Landsflug,ISLANDIA,Iceland
ISM,Auo Airclub AIST-M,STORK,Russia
ISN,Interisland Airlines,TRI-BIRD,Philippines
ISR,Israir,ISRAIR,Israel
ISS,Meridiana,MERAIR,Italy
IST,Istanbul Airlines,ISTANBUL,Turkey
ISV,Islena De Inversiones,,Honduras
ISW,Islas Airways,PINTADERA,Spain
ISX,Island Spirit,,Iceland
ITA,Inter-Air,CAFEX,United States
ITC,International Air Carrier Association,,Belgium
ITE,Aerotaxi,AEROTAXI,Czech Republic
ITF,Avita-Servicos Aereos,AIR AVITA,Angola
ITH,International Trans-Air,INTRANS NIGERIA,Nigeria
ITK,Interlink Airlines,INTERLINK,South Africa
ITN,Industrias Titan,TITANLUX,Spain
ITO,Aero Citro,AERO CITRO,Mexico
ITR,Frontier Commuter,OUT BACK,United States
ITS,Inter-State Aviation,INTER-STATE,United States
ITU,Intervuelos,INTERLOS,Mexico
ITW,Inter Air,INTER WINGS,Bulgaria
ITX,Imair Airlines,IMPROTEX,Azerbaijan
IUS,Icarus,ICARUS,Italy
IVA,Innotech Aviation,INNOTECH,Canada
IVE,Air Executive,COMPANY EXEC,Spain
IVJ,Flight International,INVADER JACK,United States
IVR,Burundaiavia,RERUN,Kazakhstan
IVS,Ivoire Aero Services,IVOIRE AERO,Ivory Coast
IVT,Interaviatrans,INTERAVIA,Ukraine
IVW,Ivoire Airways,IVOIRAIRWAYS,Ivory Coast
IWA,Apache Air,APACHE,United States
IWD,Iberworld,,Spain
IWS,Aviainvest,,Russia
IWY,Interisland Airways Limited,ISLANDWAYS,Turks and Caicos Islands
IXO,OCEAN AIR CARGO,,India
IXR,Ixair,X-BIRD,France
IXX,Dolphin Express Airlines,ISLAND EXPRESS,United States
IYE,Yemenia,YEMENI,Yemen
IZA,Izhavia,IZHAVIA,Russia
IZG,Zagros Airlines,ZAGROS,Iran
IZM,Izair,IZMIR,Turkey
JAA,Japan Asia Airways,ASIA,Japan
JAB,Air Bagan,AIR BAGAN,Myanmar
JAC,Japan Air Commuter,COMMUTER,Japan
JAD,Aerojal,AEROJAL,Mexico
JAE,Jade Cargo International,JADE CARGO,China
JAF,Jetairfly,BEAUTY,Belgium
JAG,Jetalliance,JETALLIANCE,Austria
JAI,Jet Airways,JET AIRWAYS,India
JAK,Jana-Arka,YANZAR,Kazakhstan
JAL,Japan Airlines Domestic,J-BIRD,Japan
JAM,Sunline Express,SUNTRACK,Kenya
JAR,Airlink,AIRLINK,Austria
JAS,Japan Air System,Air System,Japan
JAT,Jat Airways,JAT,Serbia
JAV,Jordan Aviation,JORDAN AVIATION,Jordan
JAW,Jamahiriya Airways,JAW,Libya
JAX,Janair,JANAIR,United States
JAZ,JALways,JALWAYS,Japan
JBA,Helijet,HELIJET,Canada
JBR,Job Air,JOBAIR,Czech Republic
JBU,JetBlue Airways,JETBLUE,United States
JCB,J C Bamford (Excavators),JAYSEEBEE,United Kingdom
JCC,Jetcraft Aviation,JETCRAFT,Australia
JCF,Jet Center Flight Training,JET CENTER,Spain
JCH,Trading Air Cargo,TRADING CARGO,Mauritania
JCI,Jordan International Air Cargo,,Jordan
JCK,Jackson Air Services,JACKSON,Canada
JCM,Secure Air Charter,SECUREAIR,United States
JCR,Rotterdam Jet Center,ROTTERDAM JETCENTER,Netherlands
JCS,Jetclub,JETCLUB,Switzerland
JCT,Jet Charter,JET CHARTER,United States
JCX,Jet Connection,JET CONNECT,Germany
JDA,JDAviation,JAY DEE,United Kingdom
JDC,Deere and Company,JOHN DEERE,United States
JDG,Joanas Avialinijos,LADYBLUE,Lithuania
JDI,Jet Service,JEDI,Poland
JDP,JDP Lux,RED PELICAN,Luxembourg
JEA,Jet Air,JETA,Poland
JEC,Jett8 Airlines Cargo,,Singapore
JED,Jet East International,JET EAST,United States
JEE,Ambjek Air Services,AMBJEK AIR,Nigeria
JEF,Jetflite,JETFLITE,Finland
JEI,Jet Executive International Charter,JET EXECUTIVE,Germany
JEJ,Jets Ejecutivos,MEXJETS,Mexico
JEK,Jet Link,JET OPS,Israel
JEL,Tal Air Charters,JETEL,Canada
JEM,Emerald Airways,GEMSTONE,United Kingdom
JEP,Jets Personales,JET PERSONALES,Spain
JES,JS Aviation,JAY-ESS AVIATION,Mexico
JET,Wind Jet,GHIBLI,Italy
JEV,Lagun Air,,Spain
JEX,JAL Express,JANEX,Japan
JFC,LTV Jet Fleet Corporation,JET-FLEET,United States
JFK,Keenair Charter -,KEENAIR,United Kingdom
JFL,Jetfly Airlines,LINEFLYER,Austria
JFS,Juanda Flying School,JAEMCO,Indonesia
JFU,Jet4You,ARGAN,Morocco
JFY,Foster Yeoman,YEOMAN,United Kingdom
JGD,Jet G&D Aviation,JET GEE-AND-DEE,Israel
JGN,Jagson Airlines,JAGSON,India
JGO,JetsGo,JETSGO,Canada
JHM,JHM Cargo Expreso,,Costa Rica
JHN,Johnson Air,AIR JOHNSON,United States
JIA,PSA Airlines,BLUE STREAK,United States
JIB,Jibair,JIBAIRLINE,Djibouti
JIC,Jetgo International,JIC-JET,Thailand
JIM,Sark International Airways,SARK,United Kingdom
JJA,Jeju Air,JEJU AIR,Republic of Korea
JJM,Regional Geodata Air,GEODATA,Spain
JJP,Jetstar Japan ,ORANGE LINER,Japan
JKK,Spanair,SPANAIR,Spain
JKY,Helicopter & Aviation Services,JOCKEY,United Kingdom
JLA,MIA Airlines,SALLINE,Romania
JLH,Jetlink Holland,,Netherlands
JLJ,J-Air,J AIR,Japan
JLN,Eurojet Limited,JET LINE,Malta
JLX,Jetlink Express,KEN JET,Kenya
JMB,Jambo Africa Airlines,JAMBOAFRICA,Democratic Republic of Congo
JMC,JMC Airlines,JAYEMMSEE,United Kingdom
JMG,JetMagic,JET MAGIC,Ireland
JMJ,Johnston Airways,JOHNSTON,United States
JMM,Joint Military Commission,JOICOMAR,Sudan
JMR,Alexandair,ALEXANDAIR,Canada
JMT,Jomartaxi Aereo,JOMARTAXI,Mexico
JMX,Air Jamaica Express,JAMAICA EXPRESS,Jamaica
JNA,Jin Air,Jin Air,South Korea
JNH,M & N Aviation,JONAH,United States
JNR,Jet Norte,JET NORTE,Mexico
JNV,Jetnova de Aviacion Ejecutiva,JETNOVA,Spain
JNY,Jenney Beechcraft,JENAIR,United States
JOA,Air Swift Aviation,,Australia
JOB,Aerojobeni,JOBENI,Mexico
JOL,Atyrau Air Ways,EDIL,Kazakhstan
JON,Johnsons Air,JOHNSONSAIR,Ghana
JOR,Blue Air,BLUE TRANSPORT,Romania
JOS,DHL de Guatemala,,Guatemala
JOY,Joy Air,JOY AIR,China
JPA,OSACOM,J-PAT,United States
JPN,Jeppesen UK,JETPLAN,United Kingdom
JPO,Jetpro,JETPRO,Mexico
JPQ,Jett Paqueteria,JETT PAQUETERIA,Mexico
JPR,Aerosmith Aviation,JASPER,United States
JPU,Jupiter Airlines,JUPITERAIR,United Arab Emirates
JRB,Jc royal.britannica,,United Kingdom
JRF,First Air Transport,,Japan
JRI,Jetrider International,JETRIDER,United Kingdom
JRN,Jet Rent,JET RENT,Mexico
JSA,Jetstar Asia Airways,JETSTAR ASIA,Singapore
JSE,Jets Y Servicios Ejecutivos,SERVIJETS,Mexico
JSH,Jetstream Air,STREAM-AIR,Hungary
JSI,Jet Air Group,SISTEMA,Russia
JSJ,JS Air,JS CHARTER,Pakistan
JSM,Jet Stream,JET STREAM,Moldova
JSP,Palmer Aviation,PALMER,United Kingdom
JSR,Jusur airways,,Egypt
JST,Jetstar Airways,JETSTAR,Australia
JSV,Japan Aircraft Service,,Japan
JSW,Jigsaw Project,JIGSAW,United Kingdom
JTA,Japan Transocean Air,JAI OCEAN,Japan
JTC,Jet Trans Aviation,JETRANS,Ghana
JTE,National Jet Express,JETEX,Australia
JTG,Jettime,JETTIME,Denmark
JTI,Cirrus Middle East,,Lebanon
JTL,Jetall Holdings,FIREFLY,Canada
JTM,Exxavia Limited,SKYMAN,Ireland
JTN,Jettrain Corporation,JETTRAIN,United States
JTO,Jettor Airlines,JETHAPPY,Hong Kong
JTR,Executive Aviation Services,JESTER,United Kingdom
JTS,Arrendamiento de Aviones Jets,AVIONESJETS,Mexico
JTT,Jet-2000,MOSCOW JET,Russia
JTU,Zhetysu,ZHETYSU,Kazakhstan
JTX,Jet Aspen Air Lines,JET ASPEN,United States
JTY,Jatayu Airlines,JATAYU,Indonesia
JUA,Aero Juarez,JUAREZ,Mexico
JUB,Jubba Airways,JUBBA,Somali Republic
JUC,Juba Cargo Services & Aviation Company,JUBA CARGO,Sudan
JUR,Ju-Air,JUNKERS,Switzerland
JUS,USA Jet Airlines,JET USA,United States
JVK,Jorvik,ISLANDIC,Iceland
JWW,JetWind,Jetwind,United States
JWY,Jetways of Iowa,JETWAYS,United States
JXA,Jetex Aviation,,Lebanon
JXT,Jetstream Executive Travel,VANNIN,United Kingdom
JXX,Jetx Airlines,JETBIRD,Iceland
JZA,Air Canada Jazz,JAZZ,Canada
JZR,Jazeera Airways,JAZEERA,Kuwait
KAA,Asia Aero Survey and Consulting Engineers,AASCO,Republic of Korea
KAC,Kuwait Airways,KUWAITI,Kuwait
KAD,Air Kirovograd,AIR KIROVOGRAD,Ukraine
KAE,Kartika Airlines,KARTIKA,Indonesia
KAH,Kent Aviation,DEKAIR,Canada
KAI,Kaiser Air,KAISER,United States
KAJ,Karthago Airlines,KARTHAGO,Tunisia
KAL,Korean Air,KOREANAIR,Republic of Korea
KAM,Air Mach,ICO-AIR,Italy
KAO,Kazan Aviation Production Association,KAZAVAIA,Russia
KAP,Cape Air,CAIR,United States
KAR,Kar-Air,,Finland
KAS,Kingston Air Services,KINGSTON AIR,Canada
KAT,Kato Airline,KATO-AIR,Norway
KAV,Air Kufra,AIRKUFRA,Libya
KAW,Kaz Air West,KAZWEST,Kazakhstan
KBA,Kenn Borek Air,BOREK AIR,Canada
KBR,KoralBlue Airlines,KORAL BLUE,Egypt
KBV,Kustbevakningen,SWECOAST,Sweden
KBZ,Air KBZ,Air KBZ,Burma
KCA,Trans-Kiev,TRANS-KIEV,Ukraine
KCE,Irving Oil Transport,KACEY,Canada
KCU,Skyline Ulasim Ticaret A.S.,Kocoglu,Turkey
KDA,Kendell Airlines,KENDELL,Australia
KDC,K D Air Corporation,KAY DEE,Canada
KDR,Royal Daisy Airlines,DARLINES,Uganda
KDZ,Flightworks,KUDZU,United States
KEA,Korea Express Air,,South Korea
KEE,Keystone Air Services,KEYSTONE,Canada
KEK,Arkhabay,ARKHABAY,Kazakhstan
KEN,Kenmore Air,KENMORE,United States
KES,Kallat El Saker Air Company,KALLAT EL SKER,Libya
KEY,Key Airlines,KEY AIR,United States
KFA,Kelowna Flightcraft Air Charter,FLIGHTCRAFT,Canada
KFC,Kremenchuk Flight College,KREMENCHUK,Ukraine
KFK,Aero Charter Krifka,KRIFKA AIR,Austria
KFR,Kingfisher Airlines,KINGFISHER,India
KFS,Kalitta Charters,KALITTA,United States
KFT,Air Kraft Mir,AIR KRAFT MIR,Uzbekistan
KGA,Kyrgyzstan Airlines,KYRGYZ,Kyrgyzstan
KGB,Kyrgz General Aviation,KEMIN,Kyrgyzstan
KGC,Peach Air,GOLDCREST,United Kingdom
KGD,Air Concorde,CONCORDE AIR,Bulgaria
KGL,Kogalymavia Air Company,KOGALYM,Russia
KGO,Korongo Airlines,KORONGO,Congo (Kinshasa)
KGT,Knights Airlines,KNIGHT-LINER,Nigeria
KGZ,Kyrgyz Airlines,BERMET,Kyrgyzstan
KHA,Kitty Hawk Aircargo,AIR KITTYHAWK,United States
KHB,Dalavia,DALAVIA,Russia
KHC,Kitty Hawk Airways,CARGO HAWK,United States
KHE,Kanfey Ha'emek Aviation,KANFEY HAEMEK,Israel
KHH,Alexandria Airlines,,Egypt
KHK,Kharkiv Airlines,,Ukraine
KHM,Cambodia Airlines,CAMBODIA AIRLINES,Cambodia
KHO,Khors Aircompany,AIRCOMPANY KHORS,Ukraine
KHP,Khoezestan Photros Air Lines,PHOTROS AIR,Iran
KHR,Khazar,KHAZAR,Turkmenistan
KHX,Knighthawk Express,RIZZ,United States
KHY,Khyber Afghan Airlines,KHYBER,Afghanistan
KIA,Kiwi International Air Lines,KIWI AIR,United States
KIE,Afit,TWEETY,Germany
KIL,Kuban Airlines,AIR KUBAN,Russia
KIN,Kinloss Flying Training Unit,KINLOSS,United Kingdom
KIP,Kinnarps,KINNARPS,Sweden
KIS,Contact Air,CONTACTAIR,Germany
KIW,Royal New Zealand Air Force,KIWI,New Zealand
KIZ,Kanaf-Arkia Airlines,,Israel
KJC,Krasnojarsky Airlines,KRASNOJARSKY AIR,Russia
KKA,Kazavia,KAKAIR,Kazakhstan
KKB,Air South,KHAKI BLUE,United States
KKK,Atlasjet,ATLASJET,Turkey
KKS,Salem,KOKSHE,Kazakhstan
KLA,Air Lithuania,KAUNAS,Lithuania
KLB,Air Mali International,TRANS MALI,Mali
KLC,KLM Cityhopper,CITY,Netherlands
KLD,Air Klaipeda,AIR KLAIPEDA,Lithuania
KLE,Rusaero,,Russia
KLG,Karlog Air Charter,KARLOG,Denmark
KLH,KLM Helicopter,KLM HELI,Netherlands
KLM,KLM Royal Dutch Airlines,KLM,Netherlands
KLO,Flight-Ops International,KLONDIKE,Canada
KLR,Columbus Air Transport,KAY-LER,United States
KLS,Kal Star Aviation,,Indonesia
KLX,Kelix Air,KELIX,Nigeria
KLZ,Aerokaluz,AEROKALUZ,Mexico
KMA,Komiaviatrans State Air Enterprise,KOMI AVIA,Russia
KMB,Delta Engineering Aviation,KEMBLEJET,United Kingdom
KMC,Kahama Mining Corporation,KAHAMA,Tanzania
KMF,Kam Air,KAMGAR,Afghanistan
KMG,Kosmas Air,KOSMAS CARGO,Serbia
KMI,K-Mile Air,KAY-MILE AIR,Thailand
KMP,Kampuchea Airlines,KAMPUCHEA,Cambodia
KMR,Western Pacific Airlines,KOMSTAR,United States
KMV,Komiinteravia,KOMIINTER,Russia
KNA,Knight Air,KNIGHTAIR,Canada
KND,Kan Air,Kan Air,Thailand
KNE,Nas Air,NAS EXPRESS,Saudi Arabia
KNG,King Aviation,KING,United Kingdom
KNI,KD Avia,KALININGRAD AIR,Russia
KNM,Komsomolsk-on-Amur Air Enterprise,KNAAPO,Russia
KNS,Kinshasa Airways,KINSHASA AIRWAYS,Democratic Republic of the Congo
KNX,Knighthawk Air Express,KNIGHT FLIGHT,Canada
KOA,Koanda Avacion,KOANDA,Spain
KOB,Koob-Corp - 96 KFT,AUTOFLEX,Hungary
KOE,Northland Aviation,KOKEE,United States
KOK,Horizon Air Service,KOKO,United States
KOL,SOCHI AIR,SLOW FROG,Russia
KOM,Kom Activity,COMJET,Netherlands
KOP,Servicios Aereos Copters,COPTERS,Chile
KOQ,Kostromskie avialinii,,Russia
KOR,Air Koryo,AIR KORYO,Democratic People's Republic of Korea
KOS,Kosova Airlines,KOSOVA,Serbia
KOV,Orlan-2000,ORLAN,Kazakhstan
KOY,Araiavia,ALEKS,Kazakhstan
KPA,Kunpeng Airlines,KUNPENG,China
KPH,Kazan Helicopters,KAMA,Russia
KQA,Kenya Airways,KENYA,Kenya
KRA,Transcontinental Airlines,REGATA,Kazakhstan
KRB,Karibu Airways Company,KARIBU AIR,Tanzania
KRC,New Zealand Air Defence Force,KIWI RESCUE,New Zealand
KRE,AeroSucre,AEROSUCRE,Colombia
KRF,United Kingdom Royal VIP Flights,KITTYHAWK,United Kingdom
KRG,Krimaviamontag,AVIAMONTAG,Ukraine
KRH,United Kingdom Royal VIP Flight,SPARROWHAWK,United Kingdom
KRI,Krylo Airlines,Krylo,Russia
KRM,Crimea Universal Avia,TRANS UNIVERSAL,Ukraine
KRN,Kaz Agros Avia,ANTOL,Kazakhstan
KRO,Kroonk Air Agency,KROONK,Ukraine
KRP,Carpatair,CARPATAIR,Romania
KRT,Air Kokshetau,KOKTA,Kazakhstan
KRV,Khoriv-Avia,KHORIV-AVIA,Ukraine
KRY,Russkie Krylya,,Russia
KSA,K S Avia,SKY CAMEL,Latvia
KSI,Air Kissari,KISSARI,Angola
KSM,Kosmos,KOSMOS,Russia
KSP,Servicios Aereos Expecializados En Transportes Petroleros,SAEP,Colombia
KSS,Raytheon Travel Air,KANSAS,United States
KST,PTL Luftfahrtunternehemen,KING STAR,Germany
KSU,Kansas State University,K-STATE,United States
KSY,KSY,KSY,Greece
KSZ,Sunrise Airways,,Haiti
KTA,Kirov Air Enterprise,VYATKA-AVIA,Russia
KTB,Transaviabaltika,TRANSBALTIKA,Lithuania
KTC,Kyrgyz Trans Avia,DINARA,Kyrgyzstan
KTK,Katekavia,KATEKAVIA,Russia
KTL,P & P Floss Pick Manufacturers,KNOTTSBERRY,South Africa
KTN,Aeronavigaciya,AERONAVIGACIYA,Ukraine
KTR,HT Helikoptertransport,COPTER TRANS,Sweden
KTS,Transair-Gyraintiee,KOTAIR,Russia
KTV,Kata Transportation,KATAVIA,Sudan
KUH,Kush Air,,South Sudan
KUS,National Airlines,KUSWAG,South Africa
KVK,Olimp Air,PONTA,Kazakhstan
KVR,Alliance Avia,KAVAIR,Kazakhstan
KVS,Kevis,KEVIS,Kazakhstan
KWA,Vozdushnaya Academy,VOZAIR,Kazakhstan
KWN,Kwena Air,KWENA,South Africa
KWY,Key Air,KeyAir,United States
KYA,Alghanim,,United States
KYB,Skybridge Airops,SKY AIROPS,Italy
KYC,Av Atlantic,DOLPHIN,United States
KYM,Krym,CRIMEA AIR,Ukraine
KYR,Sky Aeronautical Services,SKY AERONAUTICAL,Mexico
KYV,Kibris T,AIRKIBRIS,Turkey
KZA,Kurzemes Avio,,Russia
KZE,Euro-Asia Air International,KAZEUR,Kazakhstan
KZH,Zhez Air,,Kazakhstan
KZK,Air Kazakhstan,Kazakh,Kazakhstan
KZM,Phoebus Apolloa Zambia,CARZAM,Zambia
KZR,Air Astana,ASTANALINE,Kazakhstan
KZS,Kazaviaspas,SPAKAZ,Kazakhstan
KZU,Kuzu Airlines Cargo,KUZU CARGO,Turkey
KZW,Khalifa Airways,KHALIFA AIR,Algeria
LAA,Libyan Arab Airlines,LIBAIR,Libya
LAB,L.A.B. Flying Service,LAB,United States
LAC,Lockeed Aircraft Corporation,LOCKHEED,United States
LAD,Lebanon Airport Development Corporation,LADCO-AIR,United States
LAF,Latvian Air Force,LATVIAN AIRFORCE,Latvia
LAG,Aerovias De Lagos,AEROLAGOS,Mexico
LAH,L A Helicopter,STAR SHIP,United States
LAJ,British Mediterranean Airways,BEE MED,United Kingdom
LAL,Labrador Airways,LAB AIR,Canada
LAM,Linhas A,MOZAMBIQUE,Mozambique
LAN,LAN Airlines,LAN,Chile
LAO,Lao Airlines,LAO,Lao Peoples Democratic Republic
LAP,TAM Mercosur,PARAGUAYA,Paraguay
LAQ,Lebanese Air Transport,LAT,Lebanon
LAR,Lawrence Aviation,LAWRENCE,United States
LAT,Lebanese Air Transport (Charter),LEBANESE AIR,Lebanon
LAU,L,SURAMERICANO,Colombia
LAV,AlbaStar,,Spain
LAW,Link Airways of Australia,,Australia
LAY,Layang-Layang Aerospace,LAYANG,Malaysia
LBC,Albanian Airlines,ALBANIAN,Albania
LBH,Laker Airways (Bahamas),LAKER BAHAMAS,United States
LBI,Albisa,ALBISA,Mexico
LBL,Line Blue,Bluebird,Germany
LBQ,Quest Diagnostics,LABQUEST,United States
LBR,Elbe Air Transport,MOTION,Germany
LBT,Nouvel Air Tunisie,NOUVELAIR,Tunisia
LBW,Albatros Airways,ALBANWAYS,Albania
LBY,Belle Air,ALBAN-BELLE,Albania
LCA,Leconte Airlines,LECONTE,United States
LCB,LC Busre,BUSRE,Peru
LCC,The Lancair Company,LANCAIR,United States
LCD,Lineas Aereas Azteca,LINEAS AZTECA,Mexico
LCG,Lignes Aeriennes Congolaises,CONGOLAISE,Democratic Republic of the Congo
LCH,Lynch Flying Service,LYNCH AIR,United States
LCM,Lineas Aereas Comerciales,LINEAS COMERCIALES,Mexico
LCN,Lineas Aereas Canedo LAC,CANEDO,Bolivia
LCO,LAN Cargo,LAN CARGO,Chile
LCR,Libyan Arab Air Cargo,LIBAC,Libya
LCS,RAF Leuchars,LEUCHARS,United Kingdom
LCT,Compania De Actividades Y Servicios De Aviacion,STELLAIR,Spain
LCY,London City Airport Jet Centre,LONDON CITY,United Kingdom
LDA,Lauda Air,LAUDA AIR,Austria
LDE,LADE - Lineas Aereas Del Estado,LADE,Argentina
LDG,Aerolineas Aereas Ejecutivas De Durango,DURANGO,Mexico
LDI,Lauda Air Italy,LAUDA ITALY,Italy
LDL,Aerologic,,Russia
LDN,Al-Donas Airlines,ALDONAS AIR,Nigeria
LDR,Aero Lider,AEROLIDER,Mexico
LEA,Unijet,LEADAIR,France
LEC,Linex,LECA,Central African Republic
LED,Blom Geomatics,SWEEPER,Norway
LEE,Leeming Flying Training Unit,JAVELIN,United Kingdom
LEG,The Army Aviation Heritage Foundation,LEGACY,United States
LEJ,FSH Luftfahrtunternehmen,LEIPZIG FAIR,Germany
LEL,Leonsa De Aviacion,LEONAVIA,Spain
LEM,Aleem,,Egypt
LEN,Lentini Aviation,LENTINI,United States
LEP,Laughlin Express,LAUGHLIN EXPRESS,United States
LER,Linea Aerea de Servicio Ejecutivo Regional,LASER,Venezuela
LET,Aerolineas Ejecutivas,MEXEJECUTIV,Mexico
LEU,Lions-Air,LIONSAIR,Switzerland
LEX,L'Express,LEX,United States
LFA,Air Alfa,,Turkey
LFC,Aero Control Air,LIFE FLIGHT CANADA,Canada
LFE,Luxflight Executive,LUX EXPRESS,Luxembourg
LFI,National Airways Corporation,AEROMED,South Africa
LFL,Executive Air,LIFE FLIGHT,Zimbabwe
LFO,Deutsches Zentrum fur Luft-und Raumfahrt EV,LUFO,Germany
LFP,Alfa Aerospace,ALFA-SPACE,Australia
LFR,Atlantic Airfreight Aviation,LANFREIGHT,Sao Tome and Principe
LFT,Aerolift Company,LIFTCO,Sierra Leone
LGD,Legend Airlines,LEGENDARY,United States
LGL,Luxair,LUXAIR,Luxembourg
LGN,Aerolaguna,AEROLAGUNA,Mexico
LGT,Longtail Aviation,LONGTAIL,Bermuda
LGU,Servicios Aereos Ejecutivos De La Laguna,LAGUNA,Mexico
LGW,Luftfahrtgesellschaft Walter,WALTER,Germany
LHC,London Helicopter Centres,MUSTANG,United Kingdom
LHN,Express One International,LONGHORN,United States
LHR,Al Ahram Aviation,AL AHRAM,Egypt
LHS,Luhansk,ENTERPRISE LUHANSK,Ukraine
LHT,Lufthansa Technik,LUFTHANSA TECHNIK,Germany
LIA,Leeward Islands Air Transport,LIAT,Antigua and Barbuda
LIB,Ploizeihubschrauberstaffel Hamburg,LIBELLE,Germany
LID,Alidaunia,ALIDA,Italy
LIE,Al-Dawood Air,AL-DAWOOD AIR,Nigeria
LIF,Rocky Mountain Holdings,LIFECARE,United States
LIJ,Lineas Aereas San Jose,LINEAS JOSE,Mexico
LIL,FlyLal,LITHUANIA AIR,Lithuania
LIO,LÍO Flugmennt,,Iceland
LIQ,Lid Air,,Sweden
LIR,Minsk Aircraft Overhaul Plant,LISLINE,Belarus
LIS,Eastern Express,LARISA,Kazakhstan
LIV,Air Livonia,LIVONIA,Estonia
LIX,LionXpress,LIX,Cameroon
LJA,Air Jamahiriya Company,AIR JAMAHIRIYA,Libya
LJJ,Luchsh Airlines ,russian sky,Russia
LJY,L J Aviation,ELJAY,United States
LKA,Lao Capricorn Air,NAKLOA,Lao Peoples Democratic Republic
LKD,Lignes Aeriennes Du Tchad,LATCHAD,Chad
LKE,Lucky Air,LUCKY AIR,China
LKL,Lakeland Aviation,LAKELAND,United States
LKN,Lankair,Lankair,Sri Lanka
LKP,American Aviation,LAKE POWELL,United States
LKR,Laker Airways,LAKER,United States
LKS,Airlink Solutions,AIRLIN,Spain
LKW,Top Sky International,TOPINTER,Indonesia
LKY,Air Solutions,LUCKY,United States
LLA,Servico Leo Lopex,LEO LOPOZ,Mexico
LLB,Lloyd Aereo Boliviano,LLOYDAEREO,Bolivia
LLC,FlyLAL Charters,,Lithuania
LLL,Lao Air Company,LAVIE,Lao Peoples Democratic Republic
LLM,Yamal Airlines,YAMAL,Russia
LLO,Operation Enduring Freedom,APOLLO,Canada
LLR,Alliance Air,ALLIED,India
LLS,Servicios Aereos Estrella,SERVIESTRELLA,Mexico
LMA,Aerolima,AEROLIMA,Mexico
LMC,Linea Aerea Mexicana de Carga,LINEAS DECARGA,Mexico
LME,Lignes Mauritaniennes Air Express,LIMAIR EXPRESS,Mauritania
LMG,South African Air Force,SOUTH AFRICAN,South Africa
LMJ,Masterjet,MASTERJET,Portugal
LMK,Grantex Aviation,LANDMARK,United Kingdom
LML,Alamia Air,ALAMIA AIR,Libya
LMM,LCM AIRLINES,,Russia
LMN,Lineas Aereas Monarca,LINEAS MONARCA,Mexico
LMO,Sky Limo Corporation,SKY LIMO,United States
LMP,Air Plus Argentina,AIR FLIGHT,Argentina
LMR,Lamra,LAMAIR,Sudan
LMS,Lomas Helicopters,LOMAS,United Kingdom
LMT,Almaty Aviation,ALMATY,Kazakhstan
LMU,AlMasria Universal Airlines,ALMASRIA,Egypt
LMX,Aerolineas Mexicanas J S,LINEAS MEXICANAS,Mexico
LMY,Air Almaty,AGLEB,Kazakhstan
LMZ,Air Almaty ZK,ALUNK,Kazakhstan
LNA,Lnair Air Services,ELNAIR,Spain
LNC,LAN Dominica,LANCANA,Dominican Republic
LNE,Aerolane,LAN ECUADOR,Ecuador
LNG,Lockheed Martin Aeronautics Company,LIGHTNING,United States
LNI,Lion Mentari Airlines,LION INTER,Indonesia
LNK,Airlink,LINK,South Africa
LNP,Linea Aerea SAPSA,SAPSA,Chile
LNT,Aerolineas Internacionales,LINEAINT,Mexico
LNX,London Executive Aviation,LONEX,United Kingdom
LOC,Locair,LOCAIR,United States
LOD,Malmoe Air Taxi,LOGIC,Sweden
LOF,Trans States Airlines,WATERSKI,United States
LOG,Logan Air,LOGAN,United Kingdom
LOK,Alok Air,ALOK AIR,Sudan
LOO,LSM Airlines,slowbird,Russia
LOP,Linton-on-Ouse Flying Training Unit,LINTON ON OUSE,United Kingdom
LOR,Leo-Air,LEO CHARTER,South Africa
LOS,Lossiemouth Flying Training Unit,LOSSIE,United Kingdom
LOT,LOT Polish Airlines,POLLOT,Poland
LOU,Air Saint Louis,AIR SAINTLOUIS,Senegal
LOV,London Flight Centre (Stansted),LOVEAIR,United Kingdom
LPA,Pal Aerolineas,LINEASPAL,Mexico
LPC,Alpine Aviation,NETSTAR,South Africa
LPD,UK Royal/HRH Duke of York,LEOPARD,United Kingdom
LPE,LAN Peru,LANPERU,Peru
LPL,Lease-a-Plane International,LEASE-A-PLANE,United States
LPN,Laoag International Airlines,LAOAG AIR,Philippines
LPR,L,LAPA,Argentina
LPV,Air Alps Aviation,ALPAV,Austria
LRA,Little Red Air Service,LITTLE RED,Canada
LRB,L R Airlines,LADY RACINE,Czech Republic
LRC,LACSA,LACSA,Costa Rica
LRD,Laredo Air,LAREDO AIR,United States
LRO,Alrosa-Avia,ALROSA,Russia
LRR,Lorraine Aviation,LORRAINE,France
LRS,SANSA,,Costa Rica
LRT,Lincoln Airlines,,Australia
LRW,Al Rida Airways,AL RIDA,Mauritania
LSA,LANSA,INTERNACIONAL,Dominican Republic
LSC,Los Cedros Aviacion,CEDROS,Chile
LSE,Linea De Aeroservicios,,Chile
LSK,Aurela,AURELA,Lithuania
LSM,Aerobusinessservice,,Russia
LSP,Spectrum Aviation Incorporated,AIR TONY,United Kingdom
LSR,Alsair,ALSAIR,France
LSS,Lone Star Airlines,LONE STAR,United States
LSU,Laus,LAUS AIR,Croatia
LSY,Lindsay Aviation,LINDSAY AIR,United States
LTA,Trans Atlantis,LANTRA,Canada
LTC,LatCharter,LATCHARTER,Latvia
LTD,Southern Airways Express,LIGHTSPEED,United States
LTE,LTE International Airways,FUN JET,Spain
LTF,Lufttaxi Fluggesellschaft,Garfield,Germany
LTI,Aerotaxis Latinoamericanos,LATINO,Mexico
LTL,Benin Littoral Airways,LITTORAL,Benin
LTO,LTU Austria,BILLA TRANSPORT,Austria
LTR,Lufttransport,LUFT TRANSPORT,Norway
LTS,Flight Inspections and Systems,SPECAIR,Russia
LTU,Air Lituanica,LITUANICA,Lithuania
LTW,Luchtvaartmaatschappij Twente,TWENTAIR,Netherlands
LTY,Liberty Airways,,United States
LUC,Alninati Aeronautics,STEF,Switzerland
LUK,LUKoil-Avia,LUKOIL,Russia
LUR,Atlantis European Airways,,Armenia
LUT,Luft Carago,LUGO,South Africa
LUV,Luxembourg Air Rescue,LUX RESCUE,Luxembourg
LUZ,Luzair,LISBON JET,Portugal
LVB,IRS Airlines,SILVERBIRD,Nigeria
LVD,Luftfahrt-Vermietungs-Dienst,AIR SANTE,Austria
LVG,Livingston,LIVINGSTON,Italy
LVN,Aliven,ALIVEN,Italy
LVR,Aviavilsa,AVIAVILSA,Lithuania
LVT,La Valenciana Taxi Aereo,TAXIVALENCIANA,Mexico
LWD,Leisure Air,LEISURE WORLD,United States
LXA,Luxaviation,RED LION,Luxembourg
LXF,Lynx Air International,LYNX FLIGHT,United States
LXG,Air Luxor GB,LUXOR GOLF,Guinea-Bissau
LXJ,Bombardier Business Jet Solutions,FLEXJET,United States
LXO,Luxor Air,,Egypt
LXP,LAN Express,LANEX,Chile
LXR,Air Luxor,AIRLUXOR,Portugal
LYC,Lynden Air Cargo,LYNDEN,United States
LYD,Lydd Air,LYDDAIR,United Kingdom
LYF,Lithuanian Air Force,LITHUANIAN AIRFORCE,Lithuania
LYM,Key Lime Air,KEY LIME,United States
LYN,Kyrgyzstan,ALTYN AVIA,Kyrgyzstan
LYT,Apatas Air,APATAS,Lithuania
LYW,Libyan Airlines,LIBYAN AIRWAYS,Libya
LYX,Lynx Aviation,LYNX AIR,Pakistan
LZA,Lanza Air,AEROLANZA,Spain
LZB,Bulgaria Air,FLYING BULGARIA,Bulgaria
LZP,Air Ban,DOC AIR,Bulgaria
LZR,Air Lazur,LAZUR BEE-GEE,Bulgaria
LZT,Lanzarote Aerocargo,BARAKA,Spain
MAA,MasAir,MAS CARGA,Mexico
MAB,Millardair,MILLARDAIR,Canada
MAC,Malta Air Charter,MALTA CHARTER,Malta
MAD,Maple Air Services,MAPLE AIR,Canada
MAE,Mali Air,MALI AIREXPRESS,Austria
MAF,Mission Aviation Fellowship,MISSI,Indonesia
MAH,Malév,MALEV,Hungary
MAI,Mauritania Airlines International,,Mauritania
MAJ,Majestic Airlines,MAGIC AIR,United States
MAK,MAT Macedonian Airlines,MAKAVIO,Macedonia
MAL,Morningstar Air Express,MORNINGSTAR,Canada
MAM,Aerodromo De La Mancha,AEROMAN,Spain
MAN,Mannion Air Charter,MANNION,United States
MAQ,Mac Aviation,MAC AVIATION,Spain
MAR,March Helicopters,MARCH,United Kingdom
MAS,Malaysia Airlines,MALAYSIAN,Malaysia
MAT,Maine Aviation,MAINE-AV,United States
MAU,Air Mauritius,AIRMAURITIUS,Mauritius
MAV,Maldivo Airlines,Maldivo,Maldives
MAW,Mustique Airways,MUSTIQUE,Barbados
MAX,Max-Aviation,MAX AVIATION,Canada
MAZ,Mines Air Services Zambia,MINES,Zambia
MBA,Avag Air,AVAG AIR,Austria
MBB,Air Manas,AIR MANAS,Kyrgyzstan
MBC,Airjet Exploracao Aerea De Carga,MABECO,Angola
MBE,Martin-Baker,MARTIN,United Kingdom
MBI,Mountain Bird,MOUNTAIN BIRD,United States
MBL,First City Air,FIRST CITY,United Kingdom
MBN,Zambian Airways,ZAMBIANA,Zambia
MBO,Mobil Oil,MOBIL,Canada
MBR,Brazilian Navy Aviation,BRAZILIAN NAVY,Brazil
MBS,Mbach Air,MBACHI AIR,Malawi
MBV,Aeriantur-M,AEREM,Moldova
MCA,MCA Airlines,CALSON,Sweden
MCB,Air Mercia,WESTMID,United Kingdom
MCC,MCC Aviation,DISCOVERY,South Africa
MCD,Air Medical,AIR MED,United Kingdom
MCE,Marshall Aerospace,MARSHALL,United Kingdom
MCF,MAC Fotografica,MAC FOTO,Spain
MCG,SOS Helikoptern Gotland,MEDICOPTER,Sweden
MCH,McAlpine Helicopters,MACLINE,United Kingdom
MCK,Macair Airlines,,Australia
MCL,Medical Aviation Services,MEDIC,United Kingdom
MCM,Heli-Air-Monaco,HELI AIR,Monaco
MCN,Mac Dan Aviation Corporation,MAC DAN,United States
MCO,Aerolineas Marcos,MARCOS,Mexico
MCP,Marcopolo Airways,MARCOPOLO,Afghanistan
MCS,Macedonian Airlines,MACAIR,Greece
MCT,Transportacion Aerea Del Mar De Cortes,TRANS CORTES,Mexico
MCV,MTC Aviacion,MTC AVIACION,Mexico
MCX,Cargo Express,MAURICARGO,Mauritania
MCY,Ambulance Air Africa,MERCY,South Africa
MDA,Mandarin Airlines,Mandarin,Taiwan
MDB,Monde Air Charters,MONDEAIR CARGO,United Kingdom
MDC,Atlantic Aero and Mid-Atlantic Freight,NIGHT SHIP,United States
MDE,Mauritanienne De Transport Aerien,MAURI-TRANS,Mauritania
MDF,Mediterranean Air Freight,MED-FREIGHT,Greece
MDG,Air Madagascar,AIR MADAGASCAR,Madagascar
MDH,Madina Air,MADINA AIR,Libya
MDJ,Jetran Air,JETRAN AIR,Romania
MDL,Mandala Airlines,MANDALA,Indonesia
MDM,Medavia Company,MEDAVIA,Malta
MDN,Mudan Airlines,,Somali Republic
MDO,Domenican Airlines,Domenican,Dominican Republic
MDP,Medallion Air,MEDALS,Romania
MDR,Compania Mexicana De Aeroplanos,AEROPLANOS,Mexico
MDS,McNeely Charter Services,MID-SOUTH,United States
MDT,Sundt Air,MIDNIGHT,Norway
MDV,Moldavian Airlines,MOLDAVIAN,Moldova
MDW,Midway Airlines,MIDWAY,United States
MDX,Aerosud Charter,MEDAIR,South Africa
MDY,Mediterranean Airways,,Egypt
MEA,Middle East Airlines,CEDAR JET,Lebanon
MEC,Mercury Aircourier Service,MERCAIR,United States
MED,Ontario Ministry of Health,MEDICAL,Canada
MEE,Elimediterranea,ELIMEDITERRANEA,Italy
MEF,Air Meridan,EMPENNAGE,Nigeria
MEI,Merlin Airways,AVALON,United States
MEJ,Medjet International,MEDJET,United States
MEK,Med-Trans of Florida,MED-TRANS,United States
MEL,Mega Linhas Aereas,MEGA AIR,Brazil
MEM,Meridian Limited,MERIDIAN CHERRY,Ukraine
MEP,Midwest Airlines,,United States
MER,Methow Aviation,METHOW,United States
MES,Mesaba Airlines,MESABA,United States
MET,Meteorological Research Flight,METMAN,United Kingdom
MEX,Metro Express,EAGLE EXPRESS,United States
MEY,Justair Scandinavia,MELODY,Sweden
MFA,Martyn Fiddler Associates,SEAHORSE,United Kingdom
MFC,Moncton Flying Club,EAST WIND,Canada
MFL,Aero McFly,MCFLY,Mexico
MFR,Midline Air Freight,MIDLINE FREIGHT,United States
MFS,Miller Flying Services,MILLER TIME,United States
MFT,Multiflight,YORKAIR,
MFZ,Mofaz Air,MOFAZ AIR,Malaysia
MGA,MG Aviacion,MAG AVACION,Spain
MGB,Coulson Flying Service,MOCKINGBIRD,United Kingdom
MGE,Asia Pacific Airlines,MAGELLAN,United States
MGG,Elmagal Aviation Services,ELMAGAL,Sudan
MGI,Marghi Air,MARGHI,Nigeria
MGK,Mega,MEGLA,Kazakhstan
MGL,MIAT Mongolian Airlines,MONGOL AIR,Mongolia
MGM,Transporte Aero MGM,AERO EMM-GEE-EMM,Mexico
MGO,Punto Fa,MANGO,Spain
MGR,Magna Air,MAGNA AIR,Austria
MGS,Aeromagar,AEROMAGAR,Mexico
MGX,Montenegro Airlines,MONTAIR,Montenegro
MHA,Mountain High Aviation,MOUNTAIN HIGH,United States
MHC,Aero Jomacha,AERO JOMACHA,Mexico
MHL,Meridian Airlines,HASSIMAIR,Nigeria
MHN,Manhattan Air,MANHATTAN,United Kingdom
MHS,Air Memphis,AIR MEMPHIS,Egypt
MHU,Air Memphis,MEPHIS UGANDA,Uganda
MIA,Mauria,MAURIA,Mauritania
MIC,Mint Airways,,Spain
MID,Midland Airport Services,,United Kingdom
MIE,Aero Premier De Mexico,AEROPREMIER,Mexico
MIF,Miras,MIRAS,Kazakhstan
MIG,Russian Aircraft Corporation-MiG,MIG AVIA,Russia
MIM,Mimino,MIMINO,Russia
MIR,Miramichi Air Service,MIRAMICHI,Canada
MIS,Midstate Airlines,MIDSTATE,United States
MIT,Flight Line,MATCO,United States
MIZ,Desarrollo Milaz,MILAZ,Mexico
MJB,Magic Blue Airlines,MAGIC BLUE,Netherlands
MJG,Michael Airlines,MJG,Puerto Rico
MJL,Jet Line International,MOLDJET,Moldova
MJM,Eti 2000,ELCO ETI,Italy
MJN,Royal Air Force of Oman,MAJAN,Oman
MJP,Air Majoro,Air Majoro,Peru
MJR,Midamerica Jet,MAJOR,United States
MJT,Mex-Jet,MEJETS,Mexico
MJX,Euroline,GEO-LINE,Georgia
MKA,MK Airline,KRUGER-AIR,Ghana
MKD,MAT Airways,,Macedonia
MKG,Air Mekong,Air Mekong,Vietnam
MKH,Air Marrakech Service,AIR MARRAKECH,Morocco
MKK,Malaya Aviatsia Dona,AEROKEY,Russia
MKL,McCall Aviation,MCCALL,United States
MKN,Mekong Airlines,MEKONG AIRLINES,Cambodia
MKO,Markoss Aviation,GOSHAWK,United Kingdom
MKS,Pimichikamac Air,MIKISEW,Canada
MKU,Island Air (WP),,United States
MKY,Monky Aerotaxis,MONKY,Mexico
MLA,40-Mile Air,MILE-AIR,United States
MLB,Manaf International Airways,MANAF,Burundi
MLC,Malila Airlift,MALILA,Democratic Republic of the Congo
MLD,Air Moldova,AIR MOLDOVA,Moldova
MLE,Moldaeroservice,MOLDAERO,Moldova
MLF,Amal Airlines,AMAL,Djibouti
MLG,Malagasy Airlines,,Madagascar
MLH,Mahalo Air,MAHALO,United States
MLI,Air Mali,AIR MALI,Mali
MLK,Millennium Air,NIGERJET,Nigeria
MLN,Air Madeleine,AIR MADELEINE,Canada
MLO,Servicios Aereos Milenio,MILENIO,Mexico
MLS,Mall Airways,MALL-AIRWAYS,United States
MLU,Zracno Pristaniste Mali Losinj,MALI LOSINJ,Croatia
MLX,Malawi Express,MALAWI EXPRESS,Malawi
MMC,Aermarche,AERMARCHE,Italy
MMD,Air Alsie,MERMAID,Denmark
MMM,Myanmar Airways International,assignment postponed,Myanmar
MMP,AMP Incorporated,AMP-INC,United States
MMR,Musrata Air Transport,MUSRATA AIR,Libya
MMS,SAAD (A320) Limited,MUSAAD AIR,Cayman Islands
MMX,Airmax,PERUMAX,Peru
MMZ,EuroAtlantic Airways,EUROATLANTIC,Portugal
MNA,Merpati Nusantara Airlines,MERPATI,Indonesia
MNB,MNG Airlines,BLACK SEA,Turkey
MNC,MIT Airlines,MUNCIE,Canada
MNE,Aerolineas Amanecer,AEROAMANECER,Mexico
MNG,Aero Mongolia,AERO MONGOLIA,Mongolia
MNH,Monarch Airlines,MONARCH AIR,United States
MNI,Aeromilenio,AEROMIL,Mexico
MNJ,Menajet,MENAJET,Lebanon
MNL,Miniliner,MINILINER,Italy
MNO,Mango,TULCA,South Africa
MNP,Spirit of Manila Airlines,MANILA SKY,Philippines
MNR,Mann Air,TEEMOL,United Kingdom
MNS,Ministic Air,MINISTIC,Canada
MNT,Montserrat Airways,MONTSERRAT,Montserrat
MNV,Mauritanienne Aerienne Et Navale,NAVALE,Mauritania
MNX,Manx Airlines,MANX,United Kingdom
MNY,Mooney Aircraft Corporation,MOONEY FLIGHT,United States
MNZ,Murmansk Aircompany,MURMAN AIR,Russia
MOC,Air Monarch Cargo,MONARCH CARGO,Mexico
MOH,Tigerfly,MOTH,United Kingdom
MON,Monarch Airlines,MONARCH,United Kingdom
MOP,Aeropublicitaria De Angola,PUBLICITARIA,Angola
MOR,Aerolineas De Morelia,AEROMORELIA,Mexico
MOS,Misr Overseas Airways,,Egypt
MOV,VIM Airlines,MOV AIR,Russia
MOW,Mowhawk Airlines,MOHAWK AIR,United States
MPA,Mid-Pacific Airlines,MID PAC,United States
MPC,Mountain Pacific Air,MOUNTAIN PACIFIC,Canada
MPD,Air Plus Comet,RED COMET,Spain
MPE,Canadian North,EMPRESS,Canada
MPH,Martinair,MARTINAIR,Netherlands
MPI,Mosphil Aero,MOSPHIL,Philippines
MPJ,MAP-Management and Planung,MAPJET,Austria
MPL,Master Planner,,United States
MPO,Transportes Aereos Amparo,AMPARO,Mexico
MPR,Empire Aviation Services,,Nigeria
MPS,Metroplis,METRO REGIONAL,Netherlands
MPT,Miapet-Avia,MIAPET,Armenia
MPX,Aeromexpress,AEROMEXPRESS,Mexico
MQT,Air ITM,MUSKETEER,France
MRA,Martinaire,MARTEX,United States
MRD,Meridian Air Cargo,MERIDIAN,United States
MRE,Namibia Commerical Aviation,MED RESCUE,Namibia
MRF,Mauritanienne Air Fret,MAUR-FRET,Mauritania
MRG,MANAG'AIR,MANAG'AIR,France
MRH,Marham Flying Training Unit,MARHAM,United Kingdom
MRI,Servicios Aereos Moritani,MORITANI,Mexico
MRK,Markair,MARKAIR,United States
MRL,Aeromorelos,AEROMORELOS,Mexico
MRM,Aerocharter,MARITIME,Canada
MRN,Missions Gouvernemtales Francaises,MARIANNE,France
MRO,Morrison Flying Service,MORRISON,United States
MRP,Abas,ABAS,Czech Republic
MRR,San Juan Airlines,MARINER,United States
MRS,Marusya Airways,snowball,Russia
MRT,Air Mauritanie,MIKE ROMEO,Mauritania
MRW,Mars RK,AVIAMARS,Ukraine
MRX,Herman's Markair Express,SPEEDMARK,United States
MRZ,Medical Air Rescue Services,MARS,Zimbabwe
MSA,Mistral Air,AIRMERCI,Italy
MSC,Air Cairo,,Egypt
MSE,EgyptAir Express,EGYPTAIR EXPRESS,Egypt
MSF,Max Sea Food,MAXESA,El Salvador
MSG,Servico Aereo Regional,SAR-REGIONAL,Mozambique
MSH,US Marshals Service,MARSHALAIR,United States
MSI,Motor Sich,MOTOR SICH,Ukraine
MSK,Air Sport,AIR SPORT,Bulgaria
MSL,Marsland Aviation,MARSLANDAIR,Sudan
MSM,Aeromas,AEROMAS EXPRESS,Uruguay
MSN,Missionair,MISIONAIR,Spain
MSO,Aerol,MESO AMERICANAS,Mexico
MSP,Servicio De Viglancia Aerea Del Ministerio De Seguridad Publica,SEGURIDAD,Costa Rica
MSQ,Meta Linhas A,META,Brazil
MSR,Egyptair,EGYPTAIR,Egypt
MSS,Morris Air Service,WASATCH,United States
MSV,Aero-Kamov,AERAFKAM,Russia
MSW,Master Airways,MASTER AIRWAYS,Serbia
MSX,Egyptair Cargo,EGYPTAIR CARGO,Egypt
MSY,Massey University School of Aviation,MASSEY,New Zealand
MTA,GAK/Mitchell Aero,GAK AVIATION,United States
MTB,Aerotaxis Metropolitanos,AEROMETROPOLIS,Mexico
MTC,Mountain Air Company,MOUNTAIN LEONE,Sierra Leone
MTD,MacKnight Airlines,,Australia
MTE,Aeromet Linea Aerea,AEROMET,Chile
MTF,Interjet,INTERJET,Italy
MTG,Servicios Aereos MTT,,Mexico
MTH,Massachusetts Institute of Technology,RESEARCH,United States
MTI,Monerrey Air Taxi,MONTERREY AIR,Mexico
MTJ,Metrojet,METROJET,Hong Kong SAR of China
MTK,Air Metack,AIRMETACK,Angola
MTL,RAF-Avia,MITAVIA,Latvia
MTN,Mountain Air Cargo,MOUNTAIN,United States
MTO,Manitoulin Air Services,MANITOULIN,Canada
MTP,Island Helicopters,METROCOPTER,United States
MTR,Metroflight,METRO,United States
MTS,Mantrust Asahi Airways,MANTRUST,Indonesia
MTV,Mountain Valley Air Service,MOUNTAIN VALLEY,United States
MTW,Mauritania Airways,MAURITANIA AIRWAYS,Mauritania
MTX,Multi Taxi,MULTITAXI,Mexico
MTY,Air Montegomery,MONTY,United Kingdom
MTZ,Mali Airways,MALI AIRWAYS,Mali
MUA,Murray Air,MURRAY AIR,United States
MUI,Trans Air,MAUI,United States
MUN,Aeromundo Ejecutivo,AEROMUNDO,Mexico
MUR,Aerolinea Muri,MURI,Mexico
MVA,Mississippi Valley Airways,VALAIR,United States
MVD,Kavminvodyavia,AIR MINVODY,Russia
MVG,Moldova,MOLDOVA-STATE,Moldova
MVI,Metro Business Aviation,,United Kingdom
MVK,Helicopter Training & Hire,MAVRIK,United Kingdom
MVL,Mavial Magadan Airlines,Mavial,Russia
MVM,Air Cargo America,PEGASUS,United States
MVN,Marvin Limited,MARVIN,United Kingdom
MVR,Maverick Airways,MAV-AIR,United States
MVY,VIM-Aviaservice,,Russia
MWA,Midwest Airlines (Egypt),,Egypt
MWI,Malaysia Wings,MWI,Malaysia
MWR,Raslan Air Service,RASLAN,Egypt
MWS,Malta Wings,MALTA WINGS,Malta
MWT,Midwest Aviation Division,MIDWEST,United States
MWY,Mauritanienne Airways,MAURITANIENNE,Mauritania
MXA,Mexicana de Aviaci,MEXICANA,Mexico
MXB,Mex Blue,MEX BLUE,Mexico
MXC,Compania Mexicargo,MEXICARGO,Mexico
MXD,Malindo Air,Malindo,Malaysia
MXE,Mocambique Expresso,MOZAMBIQUE EXPRESS,Mozambique
MXI,MexicanaLink,LINK,Mexico
MXJ,Maxjet Airways,MAX-JET,United States
MXL,Maxair,MAXAIR,Sweden
MXO,Aerotaxi Mexicano,MAXAERO,Mexico
MXP,May Air Xpress,BEECHNUT,United States
MXQ,Transportes Aereos Mexiquenses,MEXIQUENSES,Mexico
MXS,Maxsus-Avia,MAXSUS-AVIA,Uzbekistan
MXT,Mexico Transportes Aereos,TRANSMEX,Mexico
MXU,Maximus Air Cargo,CARGO MAX,United Arab Emirates
MXX,Merchant Express Aviation,MERCHANT,Nigeria
MYA,Myflug,MYFLUG,Iceland
MYD,Maya Island Air,MYLAND,Belize
MYI,Mayair,MAYAIR,Mexico
MYO,Dominguez Toledo (Grupo Mayoral),MAYORAL,Spain
MYP,Mann Yadanarpon Airlines,MANN ROYAL,Burma
MYS,Aero Yaqui Mayo,AERO YAQUI,Mexico
MYT,MyTravel Airways,KESTREL,United Kingdom
MYW,My Way Airlines,FRANKY,Italy
MZK,AVC Airlines,,Japan
MZL,Aerovias Montes Azules,MONTES AZULES,Mexico
MZS,Mahfooz Aviation,MAHFOOZ,Gambia
NAA,National Oceanic and Atmospheric Administration,NOAA,United States
NAB,Mina Airline Company,,Egypt
NAC,Northern Air Cargo,YUKON,United States
NAD,Seulawah Nad Air,SEULAWAH,Indonesia
NAE,Nations Air Express Inc,NATIONS EXPRESS,United States
NAF,Royal Netherlands Air Force,NETHERLANDS AIR FORCE,Netherlands
NAH,Nahanni Air Services Ltd,NAHANNI,Canada
NAI,North Adria Aviation,NORTH-ADRIA,Croatia
NAJ,North American Jet Charter Group,JET GROUP,United States
NAK,Arik Niger,,Niger
NAL,Northway Aviation Ltd,NORTHWAY,Canada
NAM,Nortland Air Manitoba,MANITOBA,Canada
NAN,National Airlines,NATION AIR,United States
NAP,Napier Air Service Inc,NAPIER,United States
NAR,Air Continental Inc,NIGHT AIR,United States
NAS,Nasair,NASAIRWAYS,Eritrea
NAT,North Atlantic Air Inc,MASS AIR,United States
NAU,Antanik-Air,ANTANIK,Ukraine
NAV,Nav Flight Planning,NAV DISPATCH,Czech Republic
NAX,Norwegian Air Shuttle,NOR SHUTTLE,Norway
NAY,Navegacion Servicios Aereos Canarios SA,NAYSA,Spain
NAZ,Servicios Aereos del Nazas SA de CV,NAZAS,Mexico
NBE,Novosibirsk Aviaenterprise,NAKAIR,Russia
NBK,Albarka Air,AL-AIR,Nigeria
NBL,Nobil Air,NOBIL AIR,Moldova
NBN,North British Airlines,TEESAIR,United Kingdom
NBR,Haughey Air,NORBROOK,United Kingdom
NBS,Nimbus Aviation,NIMBUS,United Kingdom
NCA,Nippon Cargo Airlines,NIPPON CARGO,Japan
NCB,North Caribou Flying Service Ltd,NORTH CARIBOU,Canada
NCC,North Coast Air Services Ltd,NORTH COAST,Canada
NCE,Northcoast Executive Airlines,TOP HAT,United States
NCF,Norfolk County Flight College,COUNTY,United Kingdom
NCG,Nederlandse Kustwacht,NETHERLANDS COASTGUARD,Netherlands
NCH,Chanchangi Airlines,CHANCHANGI,Nigeria
NCL,ACA-Ancargo Air Sociedade de Transporte de Carga Lda,ANCARGO AIR,Angola
NCM,Nas Air,AIR BANE,Angola
NCN,Nicon Airways,NICON AIRWAYS,Nigeria
NCO,Natalco Air Lines,NATALCO,S
NCP,Capital Airlines Limited,CAPITAL SHUTTLE,Nigeria
NCR,National Air Cargo,,United States
NCS,Simpson Air Ltd,COMMUTER-CANADA,Canada
NDA,Northern Airways,NORTHERN DAKOTA,United States
NDC,FlyNordic,NORDIC,Sweden
NDF,Namibian Defence Force,NAMIBIAN AIR FORCE,Namibia
NDN,Transportes Aereos Cielos Andinos,ANDINOS,Peru
NDS,Nordstree (Australia),,Australia
NDU,University of North Dakota,SIOUX,United States
NEA,New England Airlines,NEW ENGLAND,United States
NEB,State of Nebraska,NEBRASKA,United States
NEC,Necon Air,NECON AIR,Nepal
NEE,Northeast Airlines,NORTHEAST,United States
NEF,Nord-Flyg,NORDEX,Sweden
NEG,Linea Aerea de Fumig Aguas Negras,AGUAS NEGRAS,Chile
NEL,Aero Servicios de Nuevo Laredo,AEROLAREDO,Mexico
NEN,North-East Airlines,NORTHEAST SWAN,Nigeria
NER,Air Newark,NEWAIR,United States
NES,Nordeste Linhas Aereas Regionais,NORDESTE,Brazil
NET,Network Aviation Services,NETWORK,Nigeria
NEX,Northern Executive Aviation,NEATAX,United Kingdom
NEZ,New England Air Express,ENGAIR,United States
NFA,North Flying,NORTH FLYING,Denmark
NFC,North Atlantic Cargo,NORTH ATLANTIC,Norway
NFD,Nürnberger Flugdienst,,Germany
NFF,Aircraft Support and Services,,Lebanon
NFL,Northaire Feight Lines,GREAT LAKES,United States
NFS,Afrique CArgo Service Senegal,,Senegal
NFT,Nefteyugansk Aviation Division,NEFTEAVIA,Russia
NGA,Nigeria Airways,NIGERIA,Nigeria
NGB,Nordic Global Airlines,Nordic Global,Finland
NGC,Angoservice,ANGOSERVICE,Angola
NGE,Angel Airlines,ANGEL AIR,Thailand
NGF,Angel Flight America,ANGEL FLIGHT,United States
NGK,Oriental Air Bridge,ORIENTAL BRIDGE,Japan
NGO,Air-Angol,AIR ANGOL,Angola
NGP,Air Nigeria,REGAL EAGLE,Nigeria
NGR,Nigerian Air Force,NIGERIAN AIRFORCE,Nigeria
NGV,Angoavia,ANGOAVIA,Angola
NGX,Nigerian Global,AIR GLOBAL,Nigeria
NHG,NHT Lineas Aereas,HELGA,Brazil
NHK,Federal Aviation Administration,NIGHTHAWK,United States
NHL,Northumbria Helicopters,NORTHUMBRIA,United Kingdom
NHR,Nuevo Horizonte Internacional,NUEVO HORIZONTE,Mexico
NHT,New Heights 291,NEWHEIGHTS,South Africa
NHZ,Nada Air Service,NADA AIR,Chad
NIA,Nile Air,NILEBIRD,Egypt
NIC,Northern Illinois Commuter,ILLINOIS COMMUTER,United States
NID,Aeroni,AERONI,Mexico
NIE,Aeroejecutiva Nieto,AERONIETO,Mexico
NIG,Aero Contractors,AEROLINE,Nigeria
NIN,Nurman Avia Indopura,NURVINDO,Indonesia
NIR,Norsk Flyrjeneste,NORSEMAN,Norway
NIS,Nicaraguense De Aviacion,NICA,Nicaragua
NIT,Midwest Aviation,NIGHTTRAIN,United States
NJC,Nashville Jet Charters,NASHVILLE JET,United States
NJS,National Jet Systems,NATIONAL JET,Australia
NKF,Barents AirLink,NORDFLIGHT,Sweden
NKL,Nakheel Aviation,NAKHEEL,United Arab Emirates
NKS,Spirit Airlines,SPIRIT WINGS,United States
NKV,Nikolaev-Air,AIR NIKOLAEV,Ukraine
NKZ,Aerokuzbass,NOVOKUZNETSK,Russia
NLA,Neiltown Air,NEILTOWN AIR,Canada
NLC,Nelair Charters,NELAIR,South Africa
NLG,NEL Cargo,NELCARGO,Ivory Coast
NLH,Norwegian Long Haul AS,NORSTAR,Norway
NLK,Elbrus-Avia Air Enterprise,ELAVIA,Russia
NLL,Northafrican Air Transport,NORTHAFRICAN AIR,Libya
NLS,Nationale Luchtvaartschool,PANDER,Netherlands
NLT,Newfoundland Labrador Air Transport,NALAIR,Canada
NLW,Nile Wings Aviation Services,NILE WINGS,Sudan
NLY,Niki,FLYNIKI,Austria
NMA,Nesma Airlines,Nesma Airlines,Egypt
NMB,Air Namibia,NAMIBIA,Namibia
NMD,Nomad Aviation,NOMAD AIR,Namibia
NMI,Pacific Wings,TSUNAMI,United States
NML,Gambia New Millennium Air,NEWMILL,Gambia
NOA,Norontair,NORONTAIR,Canada
NOC,Norcopter,,Norway
NOF,Fonnafly,FONNA,Norway
NOH,No. 32 (The Royal) Squadron RAF,NORTHOLT,United Kingdom
NOK,Nok Air,NOK AIR,Thailand
NOL,National Overseas Airlines Company,NAT AIRLINE,Egypt
NON,Servicios Aereos Latinoamericanos,SERVICIOS LATINO,Mexico
NOR,Norsk Helikopter,NORSKE,Norway
NOS,Neos,MOONFLOWER,Italy
NOT,Linea Aerea Costa Norte,COSTA NORTE,Chile
NOV,Nova Airline,NOVANILE,Sudan
NOW,Royal Norwegian Air Force,NORWEGIAN,Norway
NOY,Noy Aviation,NOY AVIATION,Israel
NPC,Western Air Couriers,NORPAC,United States
NPL,Air Nepal International,AIR NEPAL,Nepal
NPO,Novosibirsk Aviation Production Association,NOVSIB,Russia
NPR,Air Napier,,New Zealand
NPT,Atlantic Airlines,NEPTUNE,United Kingdom
NPX,Northeast Aviation,NORTHEAST EXPRESS,United States
NRC,North Sea Airways,NORTH SEA,Netherlands
NRD,Nordic Regional,NORTH RIDER,Sweden
NRE,Aviones Are,AVIONES ARE,Mexico
NRG,Ross Aviation,ENERGY,United States
NRK,Naturelink Charter,NATURELINK,South Africa
NRL,Nolinor Aviation,NOLINOR,Canada
NRN,Royal Netherland Navy,NETHERLANDS NAVY,Netherlands
NRO,Aero Rent JSC,AEROMASTER,Russia
NRP,Aeronord-Grup,AERONORD,Moldova
NRR,Natureair,NATUREAIR,Costa Rica
NRS,Atlantic Richfield Company,NORTH SLOPE,United States
NRT,Norestair,NORESTAIR,Spain
NRV,North Vancouver Airlines,NORVAN,Canada
NRW,Polizeifliegerstaffel Nordrhein-Westfalen,HUMMEL,Germany
NRX,Norse Air Charter,NORSE AIR,South Africa
NRZ,Servicios Aereos Monarrez,MONARREZ,Mexico
NSA,Nile Safaris Aviation,NILE SAFARIS,Sudan
NSC,Societe De Transport Aerien De Mauritanie,TRANS-SOCIETE,Mauritania
NSE,SATENA,SATENA,Colombia
NSF,Northamptonshire School of Flying,NORTON,United Kingdom
NSK,Air Intersalonika,INTERSALONIKA,Greece
NSL,Neric,NERICAIR,United Kingdom
NSM,Global Jet Corporation,THUNDERCLOUD,United States
NSO,Aerolineas Sosa,SOSA,Honduras
NSP,Novosibirsk Aircraft Repairing Plant,NARPAIR,Russia
NSR,National Air Charter,NASAIR,Indonesia
NSS,Northstar Aviation,NORTHSTAR,United States
NSW,Country Connection Airlines,,Australia
NTA,Northern Thunderbird Air,THUNDERBIRD,Canada
NTB,Servicios Aereos Del Norte,SERVINORTE,Mexico
NTC,Gibson Aviation,NIGHT CHASE,United States
NTD,Aero Norte,,Mexico
NTE,Interaire,INTERMEX,Mexico
NTG,Servicios Intergrales De Aviacion,INTERGRALES,Mexico
NTH,Hokkaido Air System,NORTH AIR,Japan
NTJ,NextJet,NEXTJET,Sweden
NTK,Natioanl Air Traffic Controllers Association,NATCA,United States
NTL,Air Anatolia,AIR ANATOLIA,Turkey
NTM,North American Airlines,NORTHAM,Canada
NTR,TNT International Aviation,NITRO,United Kingdom
NTS,Cirrus Air,NITE STAR,United States
NTT,Inter Tropic Airlines,INTER-TROPIC,Sierra Leone
NTV,Air Inter Ivoire,INTER-IVOIRE,Ivory Coast
NTW,Nationwide Airlines,NATIONWIDE,South Africa
NTX,Northern Jet Management,NORTAX,United States
NUL,Aeroservicios De Nuevo Leon,SERVICIOS NUEVOLEON,Mexico
NUN,Nunasi-Central Airlines,NUNASI,Canada
NVA,Nile Valley Aviation Company,,Egypt
NVC,NAV CANADA,NAV CAN,Canada
NVD,Nordic Solutions,NORDVIND,Lithuania
NVG,Novogorod Air Enterprise,SADKO AVIA,Russia
NVI,Avial NV Aviation Company,NEW AVIAL,Russia
NVJ,Fly International Airways,NOUVINTER,Tunisia
NVK,Nizhnevartovskavia,VARTOSKAVIA,Russia
NVL,Navigator Airlines,NAVLINES,Armenia
NVM,Naviera Mexicana,NAVIERA,Mexico
NVP,Navegacao Aerea De Portugal,,Portugal
NVR,Novair,NAVIGATOR,Sweden
NVY,Royal Navy,NAVY,United Kingdom
NWA,Northwest Airlines,NORTHWEST,United States
NWD,New World Jet Corporation,NEW WORLD,United States
NWE,Northwest Aero Associates,,United States
NWG,Airwing,NORWING,Norway
NWL,North-Wright Airways,NORTHWRIGHT,Canada
NWN,Northwinds Northern,NORTHWINDS,Canada
NWO,Northwood Headquarters (RAF,,United Kingdom
NWR,Northwest Regional Airlines,,Australia
NWS,NordWind Airlines,NORDLAND,Russia
NWT,Northwest Territorial Airways,TERRITORIAL,Canada
NWW,North West Airlines,HALANT,Australia
NWZ,Nationwide Airlines (Zambia),ZAMNAT,Zambia
NXA,Air Next,BLUE-DOLPHIN,Japan
NXB,NEXT Brasil,XB,Brazil
NXF,Nextflight Aviation,NEXTFLIGHT,United States
NXS,Nexus Aviation,NEXUS AVIATION,Nigeria
NXT,National Express,NATIONAL FREIGHT,United States
NYA,Nanyah Aviation,NANYAH,Israel
NYB,Belgian Navy,BELGIAN NAVY,Belgium
NYH,New York Helicopter,NEW YORK,United States
NYL,Mid Airlines,NILE,Sudan
NYS,Nyasa Express,NYASA,Malawi
NYT,Yeti Airlines ,,Nepal
NZA,Nayzak Air Transport,,Libya
NZM,Mount Cook Airlines,MOUNTCOOK,New Zealand
OAA,Oxley Aviation,,Australia
OAB,Orbit Airlines Azerbaijan,Orbitaz,Azerbaijan
OAC,Oriental Airlines,ORIENTAL AIR,Nigeria
OAD,Orscom Tourist Installations Company,ORSCOM,Egypt
OAE,Omni Air International,OMNI-EXPRESS,United States
OAI,Orbit International Airlines,OA,United States
OAL,Olympic Airlines,OLYMPIC,Greece
OAN,Orbit Atlantic Airways,,United States
OAO,Arkhangelsk 2 Aviation Division,DVINA,Russia
OAP,COAPA AIR,COAPA,Mexico
OAR,Orbit Regional Airlines,OA,United States
OAV,Omni - Aviacao e Tecnologia,OMNI,Portugal
OAW,Helvetic Airways,HELVETIC,Switzerland
OAX,Operational Aviation Services,,Australia
OBA,Aerobanana,AEROBANANA,Mexico
OBK,Amako Airlines,AMAKO AIR,Nigeria
OBS,Orbest,ORBEST,Portugal
OBT,Orbit Airlines,Orbit,United States
OCA,Aserca Airlines,AROSCA,Venezuela
OCE,Heliocean,HELIOCEAN,France
OCM,O'Connor Airlines,OCONNOR,Australia
OCN,O Air,O-BIRD,France
OCO,Ostend Air College,AIR COLLEGE,Belgium
OCS,Ocean Sky (UK),OCEANSKY,United Kingdom
ODI,Jonsson, H Air Taxi,ODINN
ODM,Pan African Airways,,Kenya
ODS,Odessa Airlines,ODESSA AIR,Ukraine
ODY,Odyssey International,ODYSSEY,Canada
OEA,Orient Thai Airlines,ORIENT THAI,Thailand
OEC,Christophorus Flugrettungsverein,CHRISTOPHORUS,Austria
OED,Orion Air Charter,ORION CHARTER,South Africa
OFA,Helitaxi Ofavi,OFAVI,Mexico
OFF,Challenge International Airlines,CHALLENGE AIR,United States
OGI,Aerogisa,AEROGISA,Mexico
OGJ,Bakoji Airlines Services,BAKO AIR,Nigeria
OGN,Origin Pacific Airways,ORIGIN,New Zealand
OHK,Oasis Hong Kong Airlines,OASIS,Hong Kong
OHY,Onur Air,ONUR AIR,Turkey
OIC,Iwamoto Crane Co Ltd,,Japan
OIX,Orion-x,ORIONIX,Russia
OJY,Florida Air,OHJAY,United States
OKA,Okay Airways,OKAYJET,China
OKJ,Okada Airlines,OKADA AIR,Nigeria
OKL,Oklahoma Department of Public Safety,OKLAHOMA,United States
OKP,Okapi Airways,OKAPI,Democratic Republic of Congo
OKS,Slok Air Gambia,SLOK GAMBIA,Gambia
OKT,Soko Aviation,SOKO AIR,Spain
OLA,Overland Airways,OVERLAND,Nigeria
OLC,Solar Cargo,SOLARCARGO,Venezuela
OLE,Operadora de Lineas Ejecutivas,OPERADORA,Mexico
OLO,Soloflight,SOLO,United Kingdom
OLR,Colaereos,COLAEREOS,Ecuador
OLS,Sol Lineas Aereas,FLIGHT SOL,Argentina
OLT,Ostfriesische Lufttransport,OLTRA,Germany
OLV,Aerolineas Olve,OLVE,Mexico
OLX,Olimex Aerotaxi,OLIMEX,Czech Republic
OLY,Olympic Aviation,OLAVIA,Greece
OMA,Oman Air,OMAN AIR,Oman
OME,Homer Air,,Germany
OMF,Omniflys,OMNIFLYS,Mexico
OMG,Aeromega,OMEGA,United Kingdom
OML,Organizacoes Mambra,MAMBRA,Angola
OMR,Minair,ORMINE,Central African Republic
OMS,Omskavia Airline,OMSK,Russia
ONE,Oceanair,OCEANAIR,Brazil
ONG,Sonnig SA,SONNIG,Switzerland
ONM,Presidencia de La Republica de Guinea Ecuatorial,,Equatorial Guinea
ONR,Air One Nine,EDER,Libya
ONT,Air Ontario,ONTARIO,Canada
OOM,Zoom Airlines,ZOOM,Canada
OOT,Out Of The Blue Air Safaris,OOTBAS,South Africa
OPA,Opal Air,,Australia
OPC,Krystel Air Charter,OPTIC,United Kingdom
OPS,Jet-Ops,OPS-JET,United Arab Emirates
OPT,Flight Options,OPTIONS,United States
OPV,Operadora de Veulos Ejectutivos,OPERADORA DE VUELOS,Mexico
ORA,Long Island Airlines,LONG ISLAND,United States
ORB,Orenburg Airlines,ORENBURG,Russia
ORC,Orchid Airlines,,Australia
ORD,Orange Air Services,ORANGE SERVICES,Sierra Leone
ORE,Orange Aviation,ORANGE AVIATION,Israel
ORF,Oman Royal Flight,OMAN,Oman
ORG,Orenburzhie,,Russia
ORJ,Orange Air Sierra Leone,ORANGE SIERRA,Sierra Leone
ORK,Orca Air,ORCA TAXI,Egypt
ORL,On Air Limited,ON AIR,Canada
ORM,Orel State Air Enterprise,ORPRISE,Russia
ORN,Orient Airways,ORIENT LINER,Pakistan
ORO,C N Air,CAPRI,Spain
ORP,Aerocorp,CORPSA,Mexico
ORR,Operadora Turistica Aurora,TURISTICA AURORA,Mexico
ORS,Action Air,AVIATION SERVICE,Italy
ORX,Orbit Express Airlines,OREX,Turkey
ORZ,Zorex,ZOREX,Spain
OSA,Open Sky Aviation,,Lebanon
OSH,Osh Avia,OSH AVIA,Kyrgyzstan
OSL,Sosoliso Airlines,SOSOLISO,Nigeria
OSN,Aerosan,AEROSAN,Mexico
OSO,Aviapartner Limited Company,,Russia
OSS,Servicios Aereos Noticiosos,NOTICIOSOS,Mexico
OST,Airline Alania,ALANIA,Russia
OSW,JetAfrica Swaziland,BEVO,Swaziland
OSY,Open Skies Consultative Commission,OPEN SKIES,United States
OTA,Organizacion De Transportes Aereos,ORGANIZACION,Mexico
OTG,One Two Go Airlines,THAI EXPRESS,Thailand
OTJ,Fly Romania,TENDER AIR,Romania
OTL,South Airlines,SOUTHLINE,Ukraine
OTM,Onetime Airlines Zambia,ZEDTIME,Zambia
OTN,LASTP,LASTP,S
OTP,Operadora de Transportes Aereos,OPERADORA AEREO,Mexico
OTR,Orient Airlines,ORIENTROC,Sudan
OUL,Air Atonabee,CITY EXPRESS,Canada
OVA,Aero Nova,AERONOVA,Spain
OVC,Aerovic,,Ecuador
OVE,Aeromover,AEROMOVER,Mexico
OVI,Aerovias Ejecutivas,VIAS EJECUTIVAS,Mexico
OVV,Orient Air,ORIENTSYR,Syrian Arab Republic
OWL,Miami Valley Aviation,NIGHT OWL,United States
OXE,Oxaero,OXOE,United Kingdom
OXO,Million Air,MILL AIR,United States
OYE,Koda International,KODA AIR,Nigeria
OZJ,Ozjet Airlines,AUSJET,Australia
OZR,Ozark Air Lines,OZARK,United States
OZU,Hozu-Avia,HOZAVIA,Kazakhstan
OZW,Skywest Airlines,OZWEST,Australia
PAA,Pan American World Airways,CLIPPER,United States
PAB,Pacific Air Boats,AIR BOATS,Canada
PAC,Polar Air Cargo,POLAR,United States
PAD,Professional Express Courier Service,AIR PROFESSIONAL,United States
PAE,Paisajes Espanoles,PAISAJES,Spain
PAG,Perimeter Aviation,PERIMETER,Canada
PAH,Panorama Air Tour,LANI,United States
PAI,Paradise Airways,SEA RAY,United States
PAJ,Aliparma,ALIPARMA,Italy
PAK,Pacific Alaska Airlines,PACIFIC ALASKA,United States
PAL,Philippine Airlines,PHILIPPINE,Philippines
PAM,Phoenix Air Service,PHOENIX,Germany
PAO,Polynesian Airlines,POLYNESIAN,Samoa
PAP,Langtry Flying Group,PROFLIGHT,United Kingdom
PAR,Pacific Rim Airways,PACRIM,Australia
PAS,Pelita Air Service,PELITA,Indonesia
PAT,Priority Air Transport,PAT,United States
PAV,VIP Avia,NICOL,Kazakhstan
PAW,Pointair Burkina,POINTAIR BURKINA,Burkina Faso
PAX,Pan Air,PANNEX,United States
PAZ,Point Afrique Niger,POINTAIR NIGER,Niger
PBA,PB Air,PEEBEE AIR,Thailand
PBB,Polizeihubschrauberstaffel Brandenburg,ADEBAR,Germany
PBD,Pobeda,POBEDA,Russia
PBN,Pacific Blue,BLUEBIRD,New Zealand
PBT,Air Parabet,PARABET,Bangladesh
PBU,Air Burundi,AIR-BURUNDI,Burundi
PBW,Polizeihubschrauberstaffel Baden-Wurtemberg,BUSSARD,Germany
PBY,Pearl Air Services,PEARL SERVICES,Uganda
PCA,Penya De L'Aire,PENA DEL AIRE,Spain
PCC,Perforadora Central,PERFORADORA CENTRAL,Mexico
PCE,Pace Airlines,PACE,United States
PCF,Pacific Air Express,PACIFIC EXPRESS,United States
PCG,Aeropostal Cargo de Mexico,POSTAL CARGO,Mexico
PCH,Pilatus Flugzeugwerke,PILATUS WINGS,Switzerland
PCJ,Pacific Jet,PACIFIC JET,United States
PCK,Air Pack Express,AIRPACK EXPRESS,Spain
PCL,Pinnacle Air Group,PINNACLE GROUP,United States
PCM,Westair Industries,PAC VALLEY,United States
PCN,Princeton Aviation Corporation,PRINCETON,United States
PCO,Pacific Coastal Airline,PASCO,Canada
PCR,PAC Air,PACAIR,United States
PCS,Air Palace,AIR PALACE,Mexico
PCV,Pacific Aviation (Australia),PACAV,Australia
PCW,Trans-Pacific Orient Airways,PACIFIC ORIENT,Philippines
PCX,Pacific Aviation (United States),,United States
PDA,Podilia-Avia,PODILIA,Ukraine
PDC,Potomac Air,DISTRICT,United States
PDD,Phillips Alaska,PADA,United States
PDF,Pelican Air Services,PELICAN AIRWAYS,South Africa
PDG,PLM Dollar Group,OSPREY,United Kingdom
PDI,Paradise Island Airways,PARADISE ISLAND,United States
PDQ,PDQ Air Charter,DISPATCH,United States
PDR,COMAV,SPEEDSTER,Namibia
PDT,Piedmont Airlines (1948-1989),PIEDMONT,United States
PDV,Elicar,ELICAR,Italy
PDY,Pen-Avia,PENDLEY,United Kingdom
PEA,Pan Europeenne Air Service,,France
PEB,Benders Air,PALEMA,Sweden
PEC,Pacific East Asia Cargo Airlines,PAC-EAST CARGO,Philippines
PEI,Panamedia,PANAMEDIA,Spain
PEL,Aeropelican Air Services,PELICAN,Australia
PEM,Pem-Air,PEM-AIR,Canada
PEN,Peninsula Airways,PENINSULA,United States
PER,Pioneers Limited,,Pakistan
PET,Aerotransporte Petrolero,AEROPETRO,Colombia
PEV,Pegasus Aviation,PEGAVIATION,Greece
PEX,Pelican Express,PELICAN EXPRESS,United States
PFA,Pacific Flight Services,PACIFIC SING,Singapore
PFI,Aerolineas Chihuahua,PACIFICO CHIHUAHUA,Mexico
PFL,Pacific Flier,KOROR,Palau
PFN,Pan African Air Services,PANAFRICAN,Sierra Leone
PFR,Pacificair Airlines,PACIFIC WEST,United States
PFS,Prairie Flying Service,PRAIRIE,United States
PFT,Air Cargo Express International,PROFREIGHT,United States
PFZ,Propflight Air Services,PROFLIGHT-ZAMBIA,Zambia
PGA,Portugalia,PORTUGALIA,Portugal
PGF,Paragon Global Flight Support,,United Kingdom
PGH,Pulkovo Aircraft Services,,Russia
PGI,Panagra Airways,PANAGRA,United States
PGL,Premiair Aviation Services,PREMIERE,United Kingdom
PGP,Perm Airlines,PERM AIR,Russia
PGS,Tauranga Aer Club,,New Zealand
PGT,Pegasus Airlines,SUNTURK,Turkey
PGX,Paragon Air Express,PARAGON EXPRESS,United States
PHA,Phoenix Air Group,GRAY BIRD,United States
PHB,Phoebus Apollo Aviation,PHOEBUS,South Africa
PHC,Petroleum Helicopters de Colombia,HELICOPTERS,Colombia
PHD,Duncan Aviation,PANHANDLE,United States
PHE,Pawan Hans,PAWAN HANS,India
PHG,Phoenix Aviation,PHOENIX GROUP,Kyrgyzstan
PHH,Polizeihubschrauberstaffel Hessen,IBIS,Germany
PHI,Philips Aviation Services,PHILAIR,Netherlands
PHJ,Pim Air,Pim Air,Netherlands
PHL,Phillips Michigan City Flying Service,PHILLIPS,United States
PHM,Petroleum Helicopters,PETROLEUM,United States
PHN,Phoenix Air Lines,PHOENIX BRASIL,Brazil
PHO,L&L Flygbildteknik,PHOTOFLIGHT,Sweden
PHR,Al Farana Airline,PHARAOH,Egypt
PHS,Polizeihubschrauberstaffel Sachsen,PASSAT,Germany
PHT,Pan Havacilik Ve Ticaret,PANANK,Turkey
PHU,Pannon Air Service,PANNON,Hungary
PHV,Phenix Aviation,NEW BIRD,France
PHW,Ave.com,PHOENIX SHARJAH,United Arab Emirates
PHY,Phoenix Avia,PHOENIX ARMENIA,Armenia
PIA,Pakistan International Airlines,PAKISTAN,Pakistan
PIC,Jetstar Pacific,PACIFIC AIRLINES,Vietnam
PIE,Air South West,PIRATE,United Kingdom
PIF,Aeroservicios California Pacifico,AEROCALPA,Mexico
PIK,Polizeihuberschrauberstaffel Sachsen-Anhalt,POLICE IKARUS,Germany
PIL,Canada Jet Charters,PINNACLE,Canada
PIM,Pinframat,PINFRAMAT,Angola
PIN,Pacific International Airlines,ROAD RUNNERS,United States
PIO,Pioneer Airlines,PIONEER,United States
PIR,Pamir Airways,PAMIR,Afghanistan
PIV,Sokol,AEROSOKOL,Russia
PIX,Metropix UK,METROPIX,United Kingdom
PJA,Private Jet Management,PRIVATE FLIGHT,United States
PJE,Private Jet Expeditions,PEE JAY,United States
PJP,Princely Jets,PRINCELY JETS,Pakistan
PJS,Jet Aviation,JETAVIATION,Switzerland
PKA,AST Pakistan Airways,PAKISTAN AIRWAY,Pakistan
PKP,Mountain Air Express,PIKES PEAK,United States
PKR,Pakker Avio,PAKKER AVIO,Estonia
PKV,Псковавиа,,Russia
PKW,Pak West Airlines,PLATINUM WEST,United States
PKZ,Prime Aviation,PRAVI,Kazakhstan
PLA,Polynesian Air-Ways,POLYAIR,United States
PLB,Polynesian Blue,POLYBLUE,New Zealand
PLC,Police Aviation Services,SPECIAL,United Kingdom
PLF,Polish Air Force,POLISH AIRFORCE,Poland
PLI,Aeroper,Aeroperu,Peru
PLL,Air Pal,AIRPAL,Spain
PLM,Air Pullmantur,PULLMANTUR,Spain
PLN,Planar,PLANAR,Angola
PLR,Northwestern Air,POLARIS,Canada
PLT,South Carolina Aeronautics Commission,PALMETTO,United States
PLU,Pilatus PC-12 Center De Mexico,PILATUS MEXICO,Mexico
PLX,Pool Aviation,POOLEX,United Kingdom
PLY,Puma Linhas Aereas,PUMA BRASIL,Brazil
PLZ,Planet Airways,PLANET,United States
PMA,Pan Malaysian Air Transport,PAN MALAYSIA,Malaysia
PMC,Primas Courier,PRIMAC,United States
PME,Premiair Fliyng Club,ADUR,United Kingdom
PMK,Palair Macedonia,,Macedonia
PMM,Primair,PRIMAVIA,Russia
PMO,Polar Airlines de Mexico,POLAR MEXICO,Mexico
PMR,Servicios Aereos Premier,SERVICIOS PREMIER,Mexico
PMS,Planemaster Services,PLANEMASTER,United States
PMT,PMTair,MULTITRADE,Cambodia
PMU,Premium Aviation,PREMIUM,Germany
PMV,Polizeihubschrauberstaffel Mecklenburg-Vorpommern,POLICE MERLIN,Germany
PMW,Paramount Airways,PARAWAY,India
PMX,Petroleos Mexicanos,PEMEX,Mexico
PMY,Phetchabun Airline,PHETCHABUN AIR,Thailand
PNA,Universal Airlines,PACIFIC NORTHERN,United States
PNC,Pan-Air,PANAIRSA,Mexico
PND,Pond Air Express,POND AIR,United States
PNE,Peninter Aerea,PENINTER,Mexico
PNF,Panafrican Airways,PANWAYS,Ivory Coast
PNG,Puerto Rico National Guard,,United States
PNH,Panh,KUBAN LIK,Russia
PNL,Aero Personal,AEROPERSONAL,Mexico
PNM,Panorama,PANORAMA,Spain
PNP,Pineapple Air,PINEAPPLE AIR,Bahamas
PNR,PAN Air,SKYJET,Spain
PNS,Survey Udara (Penas),PENAS,Indonesia
PNT,Balmoral Central Contracts,PORTNET,South Africa
PNU,Aero Servicios Platinum,AERO PLATINUM,Mexico
PNW,Palestinian Airlines,PALESTINIAN,Egypt
PNX,Imperial Airways,PHOENIX,United States
PNY,Polish Navy,POLISH NAVY,Poland
POA,Portuguese Army,PORTUGUESE ARMY,Portugal
POB,Servicios Aereos Poblanos,POBLANOS,Mexico
POC,Pocono Air Lines,POCONO,United States
POE,Porter Airlines,PORTER AIR,Canada
POF,Police Aux Frontiers,AIRPOL,France
POI,BGB Air,BOJBAN,Kazakhstan
POL,Rikspolisstyrelsen,,Sweden
PON,Portuguese Navy,PORTUGUESE NAVY,Portugal
POR,Porteadora De Cosola,PORTEADORA,Mexico
POT,Polet,POLET,Russia
POV,Meridian,AIR POLTAVA,Ukraine
POW,Hagondale Limited,AIRNET,United Kingdom
POY,Apoyo Aereo,APOYO AEREO,Mexico
PPA,Propheter Aviation,AIR PROP,United States
PPC,Palau Asia Pacific Airlines,PALAU ASIAPAC,Palau
PPG,Phoenix Air Transport,PAPAGO,United States
PPH,Polizeihibschrauberstaffel Neidersachsen,POLICE PHOENIX,Germany
PPK,Ramp 66,PELICAN,United States
PPL,Air Pegasus,,India
PPM,Pacific Pearl Airways,PACIFIC PEARL,Philippines
PPQ,Personas Y Pasquetes Por Air,PERSONSPAQ,Mexico
PPS,Butte Aviation,PIPESTONE,United States
PPW,Royal Phnom Penh Airways,PHNOM-PENH AIR,Cambodia
PQA,Pacific Coast Airlines,SAGE BRUSH,United States
PQW,PanAm World Airways,,United States
PRA,Pars Aviation Service,PARSAVIA,Iran
PRC,Pacific Air Charter,PACIFIC CHARTER,United States
PRD,Presidential Aviation,PRESIDENTIAL,United States
PRE,Precision Airlines,PRECISION,United States
PRF,Precision Air,PRECISION AIR,Tanzania
PRG,Empresa Aero-Servicios Parrague,ASPAR,Chile
PRH,Pro Air,PROHAWK,United States
PRI,Aerotransportes Privados,AEROPRIV,Mexico
PRL,Pearl Air,PEARL LINE,Pakistan
PRM,Prime Air,PRIME AIR,United States
PRN,Pirinair Express,PRINAIR EXPRESS,Spain
PRO,Propair,PROPAIR,Canada
PRP,PRT Aviation,PRONTO,Spain
PRR,Paramount Airlines,PARAMOUNT,Sierra Leone
PRT,Atlantic Coast Jet,PATRIOT,United States
PRV,Provincial Express,PROVINCIAL,Canada
PRX,VIP Avia,PAREX,Latvia
PRY,Priority Air Charter,PRIORITY AIR,United States
PRZ,Air Paradise International,RADISAIR,Indonesia
PSA,Pacific Island Aviation,PACIFIC ISLE,United States
PSB,Syrian Pearl Airlines,,Syria
PSC,Pascan Aviation,PASCAN,Canada
PSD,President Airlines,,Cambodia
PSE,Aeroservicio Sipse,SIPSE,Mexico
PSF,Plymouth School of Flying,LIZARD,United Kingdom
PSG,Aviones Para Servirle,SERVIAVIONES,Mexico
PSH,Red Aviation,PASSION,United Kingdom
PSI,Pont International Airline Services,PONT,Suriname
PSL,Aeroservicios Corporativos De San Luis,CORSAN,Mexico
PSN,Potosina Del Aire,POTOSINA,Mexico
PSP,Publiservicios Aereos,PUBLISERVICIOS,Mexico
PSR,Polestar Aviation,POLESTAR,United Kingdom
PSS,TSSKB-Progress,PROGRESS,Russia
PST,Parsa,TURISMO REGIONAL,Panama
PSV,Servicios Aereos Profesionales,PROSERVICIOS,Dominican Republic
PSW,Pskovavia,PSKOVAVIA,Russia
PSX,Pacific Southwest Airlines,SMILEY,United States
PSZ,Pro Air Service,POP-AIR,United States
PTA,Ptarmigan Airways,PTARMIGAN,Canada
PTB,Passaredo Transportes Aereos,PASSAREDO,Brazil
PTC,Patria Cargas Aereas,PATRIA,Argentina
PTD,Aero Servicio Pity,PITY,Mexico
PTE,Aero Copter,,Mexico
PTH,Proteus Helicopteres,PROTEUS,France
PTI,Privatair,PRIVATAIR,Switzerland
PTK,Petropavlovsk-Kamchatsk Air Enterprise,PETROKAM,Russia
PTL,Providence Airline,PLANTATION,United States
PTM,Southeastern Airways,POSTMAN,United States
PTN,Pantanal Linhas Aéreas,PANTANAL,Brazil
PTO,North West Geomatics,PHOTO,Canada
PTP,Palau Trans Pacific Airline,TRANS PACIFIC,Palau
PTQ,Port Townsend Airways,TOWNSEND,United States
PTR,Nova Scotia Department of Lands and Forests,PATROL,Canada
PTS,Points of Call Airlines,POINTSCALL,Canada
PTT,Promotora Industria Totolapa,TOTOLAPA,Mexico
PTV,Puntavia Air Services,PUNTAVIA,Djibouti
PTY,Petty Transport,PETTY,United States
PUA,PLUNA,PLUNA,Uruguay
PUE,Aeropuelche,PUELCHE,Chile
PUR,Spurwing Airlines,SPURWING,South Africa
PUT,Aeroput,,Serbia
PUV,Publivoo,PUBLIVOO,Portugal
PVA,Aerotransportes Privados,TRANSPRIVADO,Mexico
PVG,Privilege Style L,PRIVILEGE,Spain
PVI,Panavia,,Panama
PVK,Association of Private Pilots of Kazakhstan,BORIS,Kazakhstan
PVL,Professione VOlare,VOLARE,Italy
PVO,Bearing Supplies Limited,PROVOST,United Kingdom
PVU,Peau Vava%Gʻ%@u,PEAU,Tonga
PVV,Continental Airways,CONTAIR,Russia
PWA,Priester Aviation,PRIESTER,United States
PWC,Pratt and Whitney Canada,PRATT,Canada
PWD,Pan Am World Airways,,Dominican Republic
PWF,Private Wings Flugcharter,PRIVATE WINGS,Germany
PWL,Powell Air,POWELL AIR,Canada
PXA,Pecotox Air,PECOTOX,Moldova
PXP,Pacific Air Transport,PAK EXPRESS,United States
PXX,Aroostook Aviation,PINE STATE,United States
PYA,Pouya Air,,Iran
PYB,All America BOPY,BOPY,Paraguay
PYC,Aeropycsa,AEROPYCSA,Mexico
PYN,Haverfordwest Air Charter Services,POYSTON,United Kingdom
PYR,Pyramid Air Lines,PYAIR,Egypt
PYZ,Players Air,PLAYERS AIR,United States
PZA,Aereo Taxi Paraza,AEREO PARAZA,Mexico
PZR,Sky Trek International Airlines,PHAZER,United States
PZY,Zapolyarie Airlines,,Russia
QAC,Qatar Air Cargo,QATAR CARGO,Qatar
QAF,Qatar Amiri Flight,AMIRI,Qatar
QAH,Quick Airways Holland,QUICK,Netherlands
QAJ,Quick Air Jet Charter,DAGOBERT,Germany
QAQ,Qurinea Air Service,QURINEA AIR,Libya
QAS,Quisqueya Airlines,QUISQUEYA,Haiti
QAT,Aero Taxi,AIR QUASAR,Canada
QAX,QatXpress,,Qatar
QCC,Qwest Commuter Corporation,QWEST AIR,United States
QCL,Air Class Lineas Aereas,ACLA,Uruguay
QEA,Aviation Consultancy Office,,Australia
QER,SOCHI AIR CHATER,russian doll,Russia
QFA,Qantas,QANTAS,Australia
QFZ,Fars Air Qeshm,FARS AIR,Iran
QGA,Windrose Air,QUADRIGA,Germany
QKC,Aero Taxi Aviation,QUAKER CITY,United States
QLA,Aviation Quebec Labrador,QUEBEC LABRADOR,Canada
QNA,Queen Air,QUEEN AIR,Dominican Republic
QNK,Kabo Air,KABO,Nigeria
QNT,Qanot Sharq,QANAT SHARQ,Uzbekistan
QNZ,JetConnect,QANTAS JETCONNECT,New Zealand
QQQ,ENTERair,,Poland
QRT,4D Air,QUARTET,Thailand
QSC,African Safari Airways,ZEBRA,Kenya
QTR,Qatar Airways,QATARI,Qatar
QTX,Quantex Environmental,AIR QUANTEX,Canada
QUE,Quebec Government Air Service,QUEBEC,Canada
QUI,Aero Quimmco,QUIMMCO,Mexico
QVR,Kvadro Aero,PEGASO,Kyrgyzstan
QWA,Qwestair,,Australia
QWL,Qwila Air,Q-CHARTER,South Africa
QXE,Horizon Air,HORIZON AIR,United States
RAA,Rynes Aviation,RYNES AVIATION,United States
RAB,Rainbow Air (RAI),Rainbow,United States
RAC,Royal Air Cambodge,,Cambodia
RAD,Alada,AIR ALADA,Angola
RAE,Régional,REGIONAL EUROPE,France
RAF,Farnas Aviation Services,FARNAS,Sudan
RAG,Regio Air,GERMAN LINK,Germany
RAH,Regent Air,REGENT,Canada
RAI,Aerotur-Air,DIASA,Kazakhstan
RAJ,Raji Airlines,RAJI,Pakistan
RAK,Riga Airclub,SPORT CLUB,Latvia
RAL,Roswell Airlines,ROSWELL,United States
RAM,Royal Air Maroc,ROYALAIR MAROC,Morocco
RAN,Renan,RENAN,Moldova
RAP,Air Center Helicopters,RAPTOR,United States
RAQ,Rath Aviaton,RATH AVIATION,Austria
RAR,Air Rarotonga,,Cook Islands
RAS,Jim Ratliff Air Service,SHANHIL,United States
RAT,Chief Rat Flight Services,RIVERRAT,South Africa
RAU,Uganda Royal Airways,UGANDA ROYAL,Uganda
RAV,Reed Aviation,REED AVIATION,United Kingdom
RAW,Royal Airways,RAW,United States
RAX,Royal Air Freight,AIR ROYAL,United States
RAY,Rainbow Air Canada,Rainbow CAN,Canada
RAZ,Rijnmond Air Services,RIJNMOND,Netherland
RBA,Royal Brunei Airlines,BRUNEI,Brunei
RBB,Rabbit-Air,RABBIT,Switzerland
RBC,Republicair,REPUBLICAIR,Mexico
RBD,Trans World Express,RED BIRD,United States
RBE,Aur Rum Benin,RUM BENIN,Benin
RBG,Air Arabia Egypt,,Egypt
RBH,Regal Bahamas International Airways,CALYPSO,Bahamas
RBJ,Aeroserivios Del Bajio,AEROBAJIO,Mexico
RBN,Red Baron Aviation,RED BARON,United States
RBT,Robinton Aero,ROBIN,Dominican Republic
RBU,Airbus France,AIRBUS FRANCE,France
RBV,Air Roberval,AIR ROBERVAL,Canada
RBW,Shandong Airlines Rainbow Jet,CAI HONG,China
RBX,Arubaexel,ARUBA,Aruba
RBY,Vision Airlines (V2),RUBY,United States
RCA,Richland Aviation,RICHLAND,United States
RCB,Real Aero Club De Baleares,BALEARES,Spain
RCC,Air Charters Eelde,RACER,Netherlands
RCD,Real Aeroclub De Ternerife,AEROCLUB,Spain
RCE,Aerocer,AEROCER,Mexico
RCF,Aeroflot-Cargo,AEROFLOT-CARGO,Russia
RCG,Royal Air Cargo,ROYAL CARGO,South Africa
RCH,Air Mobility Command,REACH,United States
RCI,Air Cassai,AIR CASSAI,Angola
RCJ,Raytheon Corporate Jets,NEWPIN,United Kingdom
RCK,Faroejet,ROCKROSE,Faroe Islands
RCO,Aero Renta De Coahuila,AEROCOAHUILA,Mexico
RCP,Aerocorp,AEROCORPSA,Mexico
RCQ,Aerolineas Regionales,REGIONAL CARGO,Mexico
RCT,Ryan Air Service,ARCTIC TRANPORT,United States
RCU,Atlantic S.L.,AIR COURIER,Spain
RCX,Air Service Center,SERVICE CENTER,Italy
RCY,Package Express,RACE CITY,United States
RDD,Adygeya Airlines,ADLINES,Russia
RDE,II Lione Alato Arl,FLIGHT RED,United Kingdom
RDK,Irish Air Transport,IRISH TRANS,Ireland
RDL,Roadair Lines,ROADAIR,Canada
RDM,Air Ada,AIR ADA,Mauritania
RDN,Dinar,AERO DINAR,Argentina
RDP,Eurojet Romania,JET-ARROW,Romania
RDR,Goodridge (UK) Limited,RED STAR,United Kingdom
RDS,Rhoades Aviation,RHOADES EXPRESS,United States
RDV,Red Sea Aviation,RED AVIATION,Egypt
RDW,Valair AG (Helicoptere),ROADWATCH,Switzerland
RDZ,Rodze Air,RODZE AIR,Nigeria
REA,Aer Arann,AER ARANN,Ireland
REB,Rebus,REBUS,Bulgaria
REC,Trans Reco,TRANS-RECO,Mauritania
RED,International Committee of the Red Cross,RED CROSS,Switzerland
REF,Reef Air,REEF AIR,New Zealand
REG,Regional Air Services,REGIONAL SERVICES,Tanzania
REI,Ray Aviation,RAY AVIATION,Israel
REJ,SA Airlink Regional,REGIONAL LINK,South Africa
REK,Reem Air,REEM AIR,Kyrgyzstan
REL,Reliance Aviation,RELIANCE AIR,United States
REN,Aero-Rent,AERORENT,Mexico
REO,Rio Airways,RIO,United States
REP,Regional Paraguaya,REGIOPAR,Paraguay
RER,Servicio Aereo Regional Regair,REGAIR,Ecuador
RES,Australian Maritime Safety Authority,RESCUE,Australia
REU,Air Austral,REUNION,France
REW,Regional Air Express,REGIONAL WINGS,Germany
REX,Ram Air Freight,RAM EXPRESS,United States
REY,Aero-Rey,AEROREY,Mexico
REZ,Cal-West Aviation,CAL AIR,United States
RFA,Raleigh Flying Service,RALEIGH SERVICE,United States
RFC,Aero Africa,AERO AFRICA,Swaziland
RFD,Aerotransportes Rafilher,RAFHILER,Mexico
RFF,Russian Federation Air Force,RUSSIAN AIRFORCE,Russia
RFI,National Air Traffic Services,SHERLOCK,United Kingdom
RFJ,Royal Falcon,,Jordan
RFL,Interfly,INFLY,Italy
RFR,Royal Air Force,RAFAIR,United Kingdom
RFS,Rossair,,Australia
RFT,Scoala Superioara De Aviatie Civila,ROMANIAN ACADEMY,Romania
RFX,J P Hunt Air Carriers,REFLEX,United States
RGA,Royal Ghanaian Airlines,ROYAL GHANA,Ghana
RGC,Servicios Aereos Regiomontanos,REGIOMONTANO,Mexico
RGG,TransRussiaAirlines,,Russia
RGL,Regional Air Lines,MAROC REGIONAL,Morocco
RGM,Rangemile Limited,RANGEMILE,United Kingdom
RGN,Cygnus Air,CYGNUS AIR,Spain
RGO,Argo,ARGOS,Dominican Republic
RGP,River State Government of Nigeria,GARDEN CITY,Nigeria
RGR,Region Air,REGIONAIR,Canada
RGS,Renown Aviation,RENOWN,United States
RGT,Airbourne School of Flying,AIRGOAT,United Kingdom
RGY,Regency Airlines,REGENCY,United States
RHA,Robin Hood Aviation,Sherwood,Austria
RHC,Redhill Aviation,REDAIR,United Kingdom
RHD,Bond Air Services,RED HEAD,United Kingdom
RHL,Air Archipels,ARCHIPELS,France
RIA,Rich International Airways,RICHAIR,United States
RIC,Richardson's Airway,RICHARDSON,United States
RID,Ridder Avia,AKRID,Kazakhstan
RIF,Aviation Ministry of the Interior of the Russian Federation,INTERMIN AVIA,Russian Federation
RIL,Regional Air,,Mauritania
RIM,Rimrock Airlines,RIMROCK,United States
RIS,Aeris Gestion,AERIS,Spain
RIT,Asian Spirit,ASIAN SPIRIT,Philippines
RIU,Riau Airlines,RIAU AIR,Indonesia
RJA,Royal Jordanian,JORDANIAN,Jordan
RJD,Rotana Jet,ROTANA,United Arab Emirates
RJM,Millen Corporation,MILLEN,United Kingdom
RJS,Aeroservicios Jet,ASERJET,Mexico
RJT,RA Jet Aeroservicios,RA JET,Mexico
RJZ,Royal Jordanian Air Force,JORDAN AIR FORCE,Jordan
RKA,Air Afrique,AIRAFRIC,Ivory Coast
RKC,DAS Airlines,DAS CONGO,Democratic Republic of the Congo
RKH,Royal Khmer Airlines,KHMER AIR,Cambodia
RKM,RAK Airways,RAKAIR,United Arab Emirates
RKT,Rotormotion,ROCKET,United Kingdom
RKW,Rockwell Collins Avionics,ROCKWELL,United States
RLA,Airlinair,AIRLINAIR,France
RLE,Rico Linhas A,RICO,Brazil
RLK,Air Nelson,,New Zealand
RLL,Air Leone,AEROLEONE,Sierra Leone
RLM,Royal American Airways,ROYAL AMERICAN,United States
RLN,Aero Lanka,AERO LANKA,Sri Lanka
RLR,Business Airfreight,RATTLER,United States
RLS,S-Air,S-AIRLINES,Russia
RLT,Reliant Airlines,RELIANT,United States
RLU,Rusline,RUSLINE AIR,Russia
RLV,Real Aviation,REAL,Ghana
RLX,Go2Sky,RELAX,Slovakia
RLZ,Air Alize,ALIZE,France
RMA,Rocky Mountain Airways,ROCKY MOUNTAIN,United States
RMD,Air Amder,AIR AMDER,Mauritania
RME,Armenian Airlines,ARMENIAN,Armenia
RMF,Royal Malaysian Air Force,ANGKASA,Malaysia
RMG,Rumugu Air & Space Nigeria,RUMUGU AIR,Nigeria
RMI,Point Airlines,POINT AIRLINE,Nigeria
RMK,Simrik Airlines,,Nepal
RML,Armenian International Airways,,Armenia
RMO,Arm-Aero,ARM-AERO,Armenia
RMP,Servicios De Rampa Y Mostrador,SERAMSA,Mexico
RMS,Tas Aviation,TASS AIR,United States
RMT,Ram Aircraft Corporation,RAM FLIGHT,United States
RMU,C.S.P., Societe,AIR-MAUR
RMV,Romavia,AEROMAVIA,Romania
RMX,Air Max,AEROMAX,Bulgaria
RNA,Royal Nepal Airlines,ROYAL NEPAL,Nepal
RNB,Rosneft-Baltika,ROSBALT,Russia
RND,Rutland Aviation,RUTLAND,United Kingdom
RNE,Air Salone,AIR SALONE,Sierra Leone
RNG,Ornage Aircraft Leasing,ORANGE,Netherlands
RNM,Aeronem Air Cargo,AEROMNEM,Ecuador
RNR,Air Cargo Masters,RUNNER,United States
RNS,Ronso,RONSO,Mexico
RNV,Armavia,ARMAVIA,Armenia
RNX,1Time Airline,NEXTIME,South Africa
RNY,Rainbow Air US,Rainbow Air,United States
ROA,Reno Air,RENO AIR,United States
ROB,ROYAL BRITAIN,,United Kingdom
ROC,Rocky Mountain Airlines,,Canada
ROD,Aerodan,AERODAN,Mexico
ROE,Aeroeste,ESTE-BOLIVIA,Bolivia
ROF,Romanian Air Force,ROMAF,Romania
ROG,Fundació Rego,REGO,Spain
ROH,Aero Gen,AEROGEN,Mexico
ROI,Avior Airlines,AVIOR,Venezuela
ROJ,Royal Jet,ROYALJET,United Arab Emirates
ROK,National Airlines,RED ROCK,United States
ROL,Aeroel Airways,AEROEL,Israel
ROM,Aeromar,BRAVO QUEBEC,Dominican Republic
RON,Nauru Air Corporation,AIR NAURU,Nauru
ROO,Aeroitalia,AEROITALIA,Italy
ROP,Royal Oman Police,,Oman
ROR,Roraima Airways,RORAIMA,Guyana
ROS,Rossair Europe,CATCHER,Netherlands
ROT,Tarom,TAROM,Romania
ROU,Transportes Aereos I.R. Crusoe,ROBINSON CRUSOE,Chile
ROV,Rover Airways International,ROVERAIR,United States
ROX,Roblex Aviation,ROBLEX,United States
ROY,Conifair Aviation,,Canada
RPA,Republic Airlines,BRICKYARD,United States
RPB,AeroRep,AEROREPUBLICA,Colombia
RPC,Aerolineas Del Pacifico,AEROPACSA,Ecuador
RPH,Republic Express Airlines,PUBLIC EXPRESS,Indonesia
RPK,Royal Airlines,ROYAL PAKISTAN,Pakistan
RPO,Rainbow Air Polynesia,Rainbow Air,United States
RPS,Global Air Charter,RESPONSE,United States
RPX,BAC Express Airlines,RAPEX,United Kingdom
RQX,Air Engiadina-BRN,Engiadina,Switzerland
RRA,Royal Rwanda Airlines,ROYAL RWANDA,Rwanda
RRC,Aero Roca,AEROROCA,Mexico
RRE,Aerotransportes Internacionales De Torreon,AERO TORREON,Mexico
RRF,Royal Air Force,KITTY,United Kingdom
RRJ,AirRussia,russiancloud,Russia
RRL,Rolls-Royce Limited,MERLIN,United Kingdom
RRM,Acvila Air-Romanian Carrier,AIR ROMANIA,Romania
RRR,Royal Air Force,ASCOT,United Kingdom
RRS,Boscombe Down DERA (Formation),BLACKBOX,United Kingdom
RRT,Transportes Aereos Sierra,SIERRA ALTA,Mexico
RRU,Cirrus,HELICIRRUS,Chile
RRV,Mombasa Air Safari,SKYROVER,Kenya
RRY,Tbilisi Aviation University,AIRFERRY,Georgia
RRZ,Rollright Aviation,ROLLRIGHT,United Kingdom
RSA,Elisra Airlines,ESRA,Sudan
RSB,Rubystar,RUBYSTAR,Belarus
RSC,Aerolineas Ejecutivas Tarascas,TARASCAS,Mexico
RSD,Russia State Transport,STATE AERO,Russia
RSE,SNAS Aviation,RED SEA,Saudi Arabia
RSF,Royal Saudi Air Force,ARSAF,Saudi Arabia
RSH,Air Sahara,SAHARA,India
RSI,Air Sunshine,AIR SUNSHINE,United States
RSJ,RusJet,,Russia
RSK,DSWA,REDSKIN,United States
RSL,Rio Sul Servi,RIO SUL,Brazil
RSM,Air Somalia,AIR SOMALIA,Somali Republic
RSN,Royal Swazi National Airways,SWAZI NATIONAL,Swaziland
RSO,Aero Asia International,AERO ASIA,Pakistan
RSP,Jet Suite,Red Stripe,United States
RSQ,International SOS WIndhoek,SKYMEDIC,Namibia
RSR,Aero-Service,CONGOSERV,Republic of the Congo
RSS,Rossair,ROSS CHARTER,South Africa
RST,Resort Air,RESORT AIR,United States
RSU,Aerosur,AEROSUR,Bolivia
RSV,Red Sky Ventures,RED SKY,Namibia
RSY,I-Fly,RUSSIAN SKY,Russia
RTE,Aeronorte,LUZAVIA,Portugal
RTH,Artis,ARTHELICO,France
RTL,Rheintalflug,Rheintal,Austria
RTM,Trans Am Compania,AERO TRANSAM,Ecuador
RTN,Raytheon Aircraft Company,RAYTHEON,United States
RTO,Arhabaev Tourism Airlines,ARTOAIR,Kazakhstan
RTQ,Air Turquoise,TURQUOISE,France
RTR,Rotatur,ROTATUR,Brazil
RTS,Relief Transport Services,RELIEF,United Kingdom
RTU,Aerotucan,AEROTUCAN,Mexico
RTV,Nortavia,TIC-TAC,Portugal
RUA,Rwanda Airlines,,Rwanda
RUC,Rutas Aereas,RUTACA,Venezuela
RUD,Air Anastasia,ANASTASIA,Ukraine
RUE,Rainbow Air Euro,Rainbow Air,United Kingdom
RUH,Rusich-T,,Russia
RUM,Air Rum,AIR RUM,Sierra Leone
RUN,ACT Havayollari,CARGO TURK,Turkey
RUR,Rusaero,,Russia
RUS,Cirrus Airlines,CIRRUS AIR,Germany
RUZ,Rusuertol,ROSTUERTOL,Russia
RVC,Richards Aviation,RIVER CITY,United States
RVE,Airventure,AIRVENTURE,Belgium
RVI,Aero Servicios,AERO SERVICIOS,Mexico
RVL,Airvallee,AIR VALLEE,Italy
RVM,River Ministries Air Charter,RIVER,South Africa
RVN,Raven Air,RAVEN U-S,United States
RVP,Air VIP,AEROVIP,Portugal
RVR,Raven Air,RAVEN,United Kingdom
RVT,Aircompany Veteran,AIR-VET,Armenia
RVV,Reeve Aleutian Airways,REEVE,United States
RWA,Rwanda Airways,,Rwanda
RWB,Alliance Express Rwanda,,Rwanda
RWC,Arrow Ecuador Arrowec,ARROWEC,Ecuador
RWD,Rwandair Express,RWANDAIR,Rwanda
RWE,Royal West Airlines,ROYAL WEST,United States
RWG,C&M Airways,RED WING,United States
RWL,RWL Luftfahrtgesellschaft,RHEINTRAINER,Germany
RWS,Air Whitsunday,,Australia
RWW,Fly Europa,,Spain
RWY,Aerogroup 98 Limited,TYNWALD,United Kingdom
RWZ,Red Wings,AIR RED,Russia
RXA,Regional Express,REX,Australia
RXP,Royal Aviation Express,ROY EXPRESS,Canada
RXR,REXAIR VIRTUEL,Rexair,France
RXT,Aeroxtra,AERO-EXTRA,Mexico
RXX,Express Air Charter,REX AIR,Canada
RYA,Ryan Air Services,RYAN AIR,United States
RYB,Royal Bahrain Airlines,ROYAL BAHRAIN,Bahrain
RYL,Royal Aruban Airline,ROYAL ARUBAN,Aruba
RYN,Ryan International Airlines,RYAN INTERNATIONAL,United States
RYR,Ryanair,RYANAIR,Ireland
RYS,Royal Sky,ROYAL SKY,Thailand
RYT,Raya Jet,,Jordan
RYZ,Ryazan State Air Enterprise,RYAZAN AIR,Russia
RZA,Jet Fighter Flights,RAZOR,Australia
RZL,Aero Zambia,AERO ZAMBIA,Zambia
RZN,Aero Zano,ZANO,Mexico
RZO,SATA International,AIR AZORES,Portugal
RZR,Zephyr Express,RECOVERY,United States
RZV,Z-Avia,ZEDAVIA,Armenia
RZZ,Anoka Air Charter,RED ZONE,United States
SAA,South African Airways,SPRINGBOK,South Africa
SAB,Sky Way Air,SKY WORKER,Kyrgyzstan
SAC,SASCO Airlines,SASCO,Sudan
SAE,SOCHI AIR EXPRESS,ADLER EXPRESS,Russia
SAF,Republic of Singapore Air Force,SINGA,Singapore
SAG,SOS Flygambulans,MEDICAL AIR,Sweden
SAH,Sayakhat Airlines,SAYAKHAT,Kazakhstan
SAI,Shaheen Air International,SHAHEEN AIR,Pakistan
SAJ,Golden Eagle Air Services (FAA),SAJEN,Canada
SAK,Red Arrows Display Squadron,RED ARROWS,United Kingdom
SAL,Spike Airlines,Spike Air,United States
SAM,SAM Colombia,SAM,Colombia
SAN,Servicios Aereos Nacionales (SAN),AEREOS,Ecuador
SAO,Sahel Aviation Service,SAVSER,Mali
SAP,Avia Jaynar,TOBOL,Kazakhstan
SAQ,Springbank Aviation,SPRINGBANK,Canada
SAS,Scandinavian Airlines System,SCANDINAVIAN,Sweden
SAT,SATA Air Acores,SATA,Portugal
SAU,United Aviation Services,UNISERVE,Spain
SAV,Samal Air,,Kazakhstan
SAW,Sham Wing Airlines,SHAMWING,Syrian Arab Republic
SAX,Sabah Air,SABAH AIR,Malaysia
SAY,ScotAirways,SUCKLING,United Kingdom
SAZ,Swiss Air-Ambulance,SWISS AMBULANCE,Switzerland
SBA,STA-MALI,STA-MALI,Mali
SBB,Steinman Aviation,SABER EXPRESS,United States
SBC,Emoyeni Air Charter,SABIAN AIR,South Africa
SBD,Snowbird Airlines,,Finland
SBF,Seven Bar Flying Service,S-BAR,United States
SBG,Sabre Incorporated,,United States
SBH,Aerosaab,AEROSAAB,Mexico
SBI,S7 Airlines,SIBERIAN AIRLINES,Russia
SBJ,Trans Sahara Air,TRANS SAHARA,Nigeria
SBK,Air Srpska,Air Srpska,Bosnia and Herzegovina
SBL,Sobel Airlines of Ghana,SOBGHANA,Ghana
SBM,Sky Bahamas,SKY BAHAMAS,Bahamas
SBO,Stabo Air,STABAIR,Zambia
SBQ,Smithkline Beacham Clinical Labs,SKIBBLE,United States
SBR,Saber Aviation,FREIGHTER,United States
SBS,Seaborne Airlines,SEABORNE,United States
SBT,Taftan Airlines,TAFTAN,Iran
SBU,Saint Barth Commuter,BLACK FIN,France
SBX,North Star Air Cargo,SKY BOX,United States
SBZ,Scibe Airlift,SCIBE AIRLIFT,Democratic Republic of the Congo
SCA,South Central Air,SOUTH CENTRAL,United States
SCC,Seacoast Airlines,SEA-COASTER,United States
SCD,Associated Aviation,ASSOCIATED,Nigeria
SCE,Scenic Airlines,SCENIC,United States
SCF,Socofer,SOCOFER,Angola
SCH,CHC Airways,,Netherlands
SCI,Servicios Aereos San Cristobal,SAN CRISTOBAL,Mexico
SCJ,Business Jet Sweden,SCANJET,Sweden
SCK,Sky Cam,SKYCAM,France
SCL,Switfair Cargo,SWIFTAIR,Canada
SCM,American Jet International,SCREAMER,United States
SCN,South American Airlines,SOUTH AMERICAN,Peru
SCO,Scoot,,Singapore
SCP,Scorpio,SCORPIO,Egypt
SCR,Si-Chang Flying Service,SICHART,Thailand
SCS,South African Non Scheduled Airways,SOUTHERN CHARTERS,South Africa
SCT,SAAB-Aircraft,SAAB-CRAFT,Sweden
SCU,Air Scorpio,SCORPIO UNIVERS,Bulgaria
SCV,Servicios Aereos Del Centro,SACSA,Mexico
SCW,Malmö Aviation,Scanwings,Sweden
SCX,Sun Country Airlines,SUN COUNTRY,United States
SDA,St. Andrews Airways,SAINT ANDREWS,Canada
SDB,Sukhoi Design Bureau Company,SU-CRAFT,Russia
SDC,Sunrise Airlines,SUNDANCE,United States
SDD,Skymaster Air Taxi,SKY DANCE,United States
SDF,Sundorph Aeronautical Corporation,SUNDORPH,United States
SDH,Servicio De Helicopteros,ARCOS,Spain
SDI,San Dima Air,FAREFLIGHT,United States
SDJ,Club 328,SPACEJET,United Kingdom
SDK,SADELCA - Sociedad Aerea Del Caqueta,SADELCA,Colombia
SDL,Skydrift,SKYDRIFT,United Kingdom
SDM,Rossiya-Russian Airlines,PULKOVO,Russia
SDN,Spirit of Africa Airlines,BLUE NILE,Sudan
SDO,Air Santo Domingo,AERO DOMINGO,Dominican Republic
SDP,Aero Sudpacifico,SUDPACIFICO,Mexico
SDR,City Airline,SWEDESTAR,Sweden
SDS,United Kingdom Civil Aviation Authority,STANDARDS,United Kingdom
SDU,Sud Airlines,SUD LINES,France
SDV,Servicios Aereos Del Vaupes,SELVA,Colombia
SDX,Servicio Tecnico Aero De Mexico,SERVICIO TECNICO,Mexico
SDY,Island Express,SANDY ISLE,United States
SDZ,Sudan Pezetel for Aviation,SUDANA,Sudan
SEA,Southeast Air,SOUTHEAST AIR,United States
SEB,Servicios Aereos Luce,SERVILUCE,Mexico
SEC,3D Aviation,SECUREX,United States
SED,Sedona Air Center,SEDONA AIR,United States
SEE,Shaheen Air Cargo,SHAHEEN CARGO,Pakistan
SEF,Aero Servicios Ejecutivas Del Pacifico,SERVIPACIFICO,Mexico
SEG,Eagle International,SEN-EAGLE,Senegal
SEH,Sky Express,AIR CRETE,Greece
SEI,Transportes Aereos Sierra Madre,TRANSPORTE SIERRA,Mexico
SEJ,Spicejet,SPICEJET,India
SEK,Skyjet,SKALA,Kazakhstan
SEL,Sentel Corporation,SENTEL,United States
SEM,Cape Central Airways,SEMO,United States
SEN,Sevenair,SEVENAIR,Tunisia
SEO,Selcon Airlines,SELCON AIR,Nigeria
SEQ,Sky Eyes,SKY EYES,Thailand
SER,Aero California,AEROCALIFORNIA,Mexico
SES,Servicio Aereo Saltillo,SERVISAL,Mexico
SET,SAETA,SAETA,Ecuador
SEU,XL Airways France,STARWAY,France
SEV,Serair Transworld Press,CARGOPRESS,Spain
SEY,Air Seychelles,SEYCHELLES,Seychelles
SFA,SEFA,SEFA,France
SFB,Air Sofia,AIR SOFIA,Bulgaria
SFC,Shuswap Flight Centre,SHUSWAP,Canada
SFE,Sefofane Air Charters,SEFOFANE,South Africa
SFF,Safewings Aviation Company,SWIFTWING,United States
SFG,Sun Freight Logistics,AERO GULF,Thailand
SFJ,Star Flyer,STARFLYER,Japan
SFL,Southflight Aviation,SOUTHFLIGHT,New Zealand
SFM,A-Safar Air Services,AIR SAFAR,Nigeria
SFN,Safiran Airlines,SAFIRAN,Iran
SFP,Safe Air,SAFE AIR,Pakistan
SFR,Safair,CARGO,South Africa
SFS,Southern Frontier Air Transport,SOUTHERN FRONTIER,Canada
SFT,Skyfreight,SKYFREIGHT,United States
SFU,Solent Flight,SAINTS,United Kingdom
SFX,S.K. Logistics,SWAMP FOX,United States
SFY,Gulf Flite Center,SKY FLITE,United States
SGA,Air Saigon,AIR SAIGON,Vietnam
SGB,Sky King,SONGBIRD,United States
SGC,Southern Right Air Charter,SOUTHERNRIGHT,South Africa
SGD,Sky Gate International Aviation,AIR BISHKEK,Kyrgyzstan
SGF,STAC Swiss Government Flights,STAC,Switzerland
SGG,Senegal Airlines,,Senegal
SGH,Servisair,SERVISAIR,United Kingdom
SGI,Servicios Aereos Agricolas,SERAGRI,Chile
SGK,Skyward Aviation,SKYWARD,Canada
SGM,Sky Aircraft Service,SIGMA,Netherlands
SGN,Siam GA,SIAM,Thailand
SGP,Sagolair Transportes Ejecutivos,SAGOLAIR,Spain
SGR,Eastwind Airlines,STINGER,United States
SGS,Saskatchewan Government Executive Air Service,SASKATCHEWAN,Canada
SGT,Skygate,SKYGATE,Netherlands
SGU,Samgau,RAUSHAN,Kazakhstan
SGV,Aerosegovia,SEGOVIA,Nicaragua
SGX,Saga Airlines,,Turkey
SGY,Skagway Air Service,SKAGWAY AIR,United States
SHA,Sharp Airlines,SHARP,Australia
SHB,Shabair,SHABAIR,Democratic Republic of the Congo
SHC,Sky Harbor Air Service,SKY HARBOR CHEYENNE,United States
SHD,Sahara Airlines,,Algeria
SHE,Shell Aircraft,SHELL,United Kingdom
SHF,Royal Air Force,VORTEX,United Kingdom
SHG,Shoprite Group,SHOP AIR,United Kingdom
SHH,Airshare Holdings,AIRSHARE,United Kingdom
SHI,Seoul Air International,SEOUL AIR,Republic of Korea
SHJ,Sharjah Ruler's Flight,SHARJAH,United Arab Emirates
SHK,Shorouk Air,,Egypt
SHL,Samson Aviation,SAMSON,United Kingdom
SHM,Sheltam Aviation,SHELTAM,South Africa
SHN,Shaheen Airport Services,SUGAR ALFA,Pakistan
SHO,Sheremetyevo-Cargo,,Russia
SHP,Service Aerien Francais,SAF,France
SHQ,Shanghai Airlines Cargo,SHANGHAI CARGO,China
SHR,Shooter Air Courier,SHOOTER,Canada
SHS,Shura Air Transport Services,SHURA AIR,Ethiopia
SHT,British Airways Shuttle,SHUTTLE,United Kingdom
SHU,Sakhalinskie Aviatrassy (SAT),SATAIR,Russia
SHV,Shavano Air,SHAVANO,United States
SHW,Shawnee Airline,SHAWNEE,United States
SHX,Slim Aviation Services,SLIM AIR,Nigeria
SHY,Sky Airlines,ANTALYA BIRD,Turkey
SIA,Singapore Airlines,SINGAPORE,Singapore
SIB,Sibaviatrans,SIBAVIA,Russia
SIE,Sierra Express,SEREX,United States
SIH,Skynet Airlines,BLUEJET,Ireland
SII,Aero Servicios Ejecutivos Internacionales,ASEISA,Mexico
SIJ,Seco International,,Japan
SIL,Servicios Aeronauticos Integrales,SERVICIOS INTEGRALES,Mexico
SIM,Star Air,,Sierra Leone
SIO,Sirio,SIRIO,Italy
SIP,Air Spirit,AIR SPIRIT,United States
SIR,Salair,SALAIR,United States
SIS,Saber Airlines,,Egypt
SIT,SITA,,Belgium
SIV,Slovenian Armed Forces,SLOVENIAN,Slovenia
SIW,Sirio Executive,SIRIO EXECUTIVE,Italy
SIY,Aerosiyusa,SIYUSA,Mexico
SIZ,Aero Silza,AEROSILZA,Mexico
SJA,Servicios Aereos Especiales De Jalisco,SERVICIOJAL,Mexico
SJC,Servicios Ejecutivos Continental,SERVIEJECUTIVO,Mexico
SJE,Sunair 2001,SUNBIZ,South Africa
SJJ,Spirit Aviation,SPIRIT JET,United States
SJL,Servicios Especiales Del Pacifico Jalisco,SERVICIOS JALISCO,Mexico
SJM,Svyaz Rossiya,RussianConnecty,Russia
SJN,Air San Juan,SAN JUAN,United States
SJO,Spring Airlines Japan,,Japan
SJS,Southjet,,United States
SJT,Swiss Jet,SWISS JET,Switzerland
SJU,Skyjet Airlines,SKYJET,Uganda
SJY,Sriwijaya Air,SRIWIJAYA,Indonesia
SKA,Rio Air Express,RIO EXPRESS,Brazil
SKB,Skybus Airlines,SKYBUS,United States
SKC,Skymaster Air Lines,SKYMASTER AIR,United States
SKD,Sky Harbor Air Service,SKY DAWG,United States
SKE,Sky Tours,SKYISLE,United States
SKF,Skycraft,SKYCRAFT,United States
SKG,Skycraft Air Transport,SKYCRAFT-CANADA,Canada
SKH,British Sky Broadcasting,SKYNEWS,United Kingdom
SKI,SkyKing Turks and Caicos Airways,SKYKING,Turks and Caicos Islands
SKK,Skylink Aviation,SKYLINK,Canada
SKL,Skycharter (Malton),SKYCHARTER,Canada
SKM,Fayetteville Flying Service and Scheduled Skyways System,SKYTEM,United States
SKN,Skyline Aviation Services,SKYLINER,United States
SKO,Scottish Airways Flyers,SKYWORK,United Kingdom
SKP,Aero-North Aviation Services,SKIPPER,Canada
SKQ,Labcorp,SKYLAB,United States
SKR,Skyscapes Air Charters,SKYSCAPES,South Africa
SKS,Sky Service,SKY SERVICE,Belgium
SKT,Skystar Airways,SKY YOU,Thailand
SKU,Sky Airline,AEROSKY,Chile
SKV,Sky Regional Airlines,Maple,Canada
SKW,SkyWest,SKYWEST,United States
SKX,Skyways Express,SKY EXPRESS,Sweden
SKY,Skymark Airlines,SKYMARK,Japan
SKZ,Skyway Enterprises,SKYWAY-INC,United States
SLA,Sierra National Airlines,SELAIR,Sierra Leone
SLB,Slok Air,SLOK AIR,Nigeria
SLC,Salsa d\\'Haiti,SALSA,Haiti
SLD,Silver Air,SILVERLINE,Czech Republic
SLE,Streamline,SLIPSTREAM,South Africa
SLF,Starfly,ELISTARFLY,Italy
SLG,Saskatchewan Government,LIFEGUARD,Canada
SLH,Silverhawk Aviation,SILVERHAWK,United States
SLI,Aerolitoral,COSTERA,Mexico
SLK,SilkAir,SILKAIR,Singapore
SLL,Slovak Airlines,SLOV LINE,Slovakia
SLM,Surinam Airways,SURINAM,Suriname
SLN,Sloane Aviation,SLOANE,United Kingdom
SLO,Edgartown Air,SLOW,United States
SLP,Salpa Aviation,SALPA,Sudan
SLS,Servicios Aereos Slainte,SERVICIOS SLAINTE,Mexico
SLU,Avio Sluzba,AVIO SLUZBA,Serbia
SLV,Stella Aviation,AVISTELLA,Mauritania
SLW,Salama Airlines Nigeria,SALMA AIR,Nigeria
SLX,Sete Linhas Aereas,SETE,Brazil
SLY,Sky Line for Air Services,SKYCO,Sudan
SLZ,Super Luza,LUZA,Angola
SMA,SMA Airlines,SESAME,Nigeria
SMC,Sabang Merauke Raya Air Charter,SAMER,Indonesia
SMD,Servicios Aereos La Marquesa,SERVICIOS MARQUESA,Mexico
SME,Semos,SEMICH,Kazakhstan
SMF,Smalandsflyg,GORDON,Sweden
SMG,RAF St Mawgan Search and Rescue,,United Kingdom
SMH,Smithair,SMITHAIR,United States
SMI,Aero Sami,SAMI,Mexico
SMJ,Avient Aviation,AVAVIA,Zimbabwe
SMK,Semeyavia,ERTIS,Kazakhstan
SML,Smith Air (1976),SMITH AIR,Canada
SMM,Summit Airlines,SUMMIT-AIR,United States
SMQ,Samar Air,SAMAR AIR,Tajikistan
SMR,Somon Air,SOMON AIR,Tajikistan
SMS,Linhas Aereas Santomenses,SANTOMENSES,S
SMT,Skyline,SKYLIMIT,Nigeria
SMW,Carpatair Flight Training,Smartwings,Romania
SMX,Alitalia Express,ALIEXPRESS,Italy
SMY,Sama Airlines,NAJIM,Saudi Arabia
SMZ,RAF Scampton,SCAMPTON,United Kingdom
SNA,Senator Aviation Charter,SENATOR,Germany
SNB,Sterling Airlines,STERLING,Denmark
SNC,Air Cargo Carriers,NIGHT CARGO,United States
SND,Air Samarkand,ARSAM,Uzbekistan
SNE,Servicios Aereos De Nicaragua (SANSA),SANSA,Nicaragua
SNF,Shans Air,SHANS AIR,Russia
SNG,Air Senegal International,AIR SENEGAL,Senegal
SNH,Senair Services,SENSERVICE,Senegal
SNI,Savanah Airlines,SAVANAHLINE,Nigeria
SNJ,Skynet Asia Airways,NEWSKY,Japan
SNK,Southeast Airlines (Sun Jet International),SUN KING,United States
SNL,Soonair Lines,SOONAIR,United States
SNM,Servizi Aerei,SERVIZI AEREI,Italy
SNO,Delta Air Charter,SNOWBALL,Canada
SNP,Sun Pacific International,SUN PACIFIC,United States
SNQ,Sun Quest Executive Air Charter,EXECU-QUEST,United States
SNS,Societe Centrafricaine De Transport Aerien,,Central African Republic
SNT,Suncoast Aviation,SUNCOAST,United States
SNU,Snunit Aviation,,Israel
SNV,Sudanese States Aviation,SUDANESE,Sudan
SNW,Sun West Airlines,SUN WEST,United States
SNX,Sun Air Aviation Services,SUNEX,Canada
SNY,Air Sandy,AIR SANDY,Canada
SOA,Southern Air Charter,,Bahamas
SOB,Stabo Freight,STABO,Zambia
SOC,Southern Cargo Air Lines,,Russia
SOD,Aerolineas Sol,ALSOL,Mexico
SOE,Air Soleil,AIR SOLEIL,Mauritania
SOG,Aero Soga,AEROSOGA,Guinea-Bissau
SOH,Southern Ohio Aviation Sales,SOUTHERN OHIO,United States
SOI,Southern Aviation,SOAVAIR,Zambia
SOL,Solomon Airlines,SOLOMON,Solomon Islands
SOM,Somali Airlines,SOMALAIR,Somali Republic
SON,Sunshine Air Tours,SUNSHINE TOURS,United States
SOO,Southern Air,SOUTHERN AIR,United States
SOP,Solinair,SOLINAIR,Slovenia
SOR,Sonair Servico Aereo,SONAIR,Angola
SOT,Southeast Correct Craft,SOUTH COURIER,United States
SOU,Southern Airways,SOUTHERN EXPRESS,United States
SOV,Saratov Aviation Division,SARATOV AIR,Russia
SOW,Sowind Air,SOWIND,Canada
SOX,Solid Air,SOLIDAIR,Netherland
SOY,Island Aviation,SORIANO,Philippines
SOZ,Sat Airlines,SATCO,Kazakhstan
SPA,Sierra Pacific Airlines,SIERRA PACIFIC,United States
SPB,Springbok Classic Air,SPRING CLASSIC,South Africa
SPC,Skyworld Airlines,PORT,United States
SPD,Airspeed Aviation,SPEEDLINE,Canada
SPE,Sprague Electric Company,SPRAGUE,United States
SPF,Space World Airline,SPACE WORLD,Nigeria
SPG,Springdale Air Service,SPRING AIR,United States
SPH,Sapphire Executive Air,SAPPHIRE-CHARTER,South Africa
SPI,South Pacific Island Airways,SOUTH PACIFIC,United States
SPJ,Air Service,AIR SKOPJE,Macedonia
SPK,Diamond Aviation,SPARKLE,United States
SPL,Servicios Corporativos Aereos De La Laguna,CORPORATIVOS LAGUNA,Mexico
SPM,Air Saint Pierre,,France
SPN,Skorpion Air,AIR SKORPIO,Bulgaria
SPO,Aeroservicios Ejecutivos Del Pacifico,EJECTUIV PACIFICO,Mexico
SPP,Sapphire Aviation,SAPPHIRE,United States
SPQ,Servicios Aereos Palenque,SERVICOS PALENQUE,Mexico
SPR,Provincial Airlines,SPEEDAIR,Canada
SPS,SPASA,SALDUERO,Spain
SPT,Speed Aviation,SPEED AVIATION,Bangladesh
SPU,Southeast Airmotive,SPUTTER,United States
SPV,Servicios Privados De Aviacion,SERVICIOS PRIVADOS,Mexico
SPW,Speedwings,SPEEDWING,Switzerland
SPX,Service People Gesselschaft fur Charter und Service,,Germany
SPY,Asian Aerospace Service,THAI SPACE,Thailand
SPZ,Airworld,SPEED SERVICE,South Africa
SQA,Slovak National Aeroclub,SLOVAK AEROCLUB,Slovakia
SQC,Singapore Airlines Cargo,SINGCARGO,Singapore
SQF,Slovak Air Force,SLOVAK AIRFORCE,Slovakia
SQH,SeaPort Airlines,SASQUATCH,United States
SQL,Servicos De Alquiler,ALQUILER,Mexico
SQR,Alsaqer Aviation,ALSAQER AVIATION,Libya
SRA,Sair Aviation,SAIR,Canada
SRB,Solar Air,Solar Air,Thailand
SRC,Searca,SEARCA,Colombia
SRD,Search and Rescue 22,,United Kingdom
SRF,Transportes Aereos San Rafael,SAN RAFEAL,Chile
SRG,Search and Rescue 202,,United Kingdom
SRH,Siem Reap Airways,SIEMREAP AIR,Cambodia
SRI,Air Safaris and Services,AIRSAFARI,New Zealand
SRJ,C Air Jet Airlines,SYRJET,Syrian Arab Republic
SRK,Sky Work Airlines,SKYFOX,Switzerland
SRL,Servicios Aeronauticos Aero Personal,SERVICIOS PERSONAL,Mexico
SRN,Sprintair,,Poland
SRO,Servicios Aereos Ejecutivos Saereo,SAEREO,Ecuador
SRP,Polizeihubschrafterstaffel Rheinland-Pfalz,SPERBER,Germany
SRQ,South East Asian Airlines,SEAIR,Philippines
SRR,Star Air,WHITESTAR,Denmark
SRS,Selkirk Remote Sensing,PHOTO CHARLIE,Canada
SRT,Trans Asian Airlines,TRASER,Kazakhstan
SRU,Star Up,STAR-UP,Peru
SRV,Aero Servicio Corporativo,SERVICORP,Mexico
SRW,Sarit Airlines,SARIA,Sudan
SRX,Sierra Expressway Airlines,SIERRA EX,United States
SRY,ViaAir,Stingray,United States
SRZ,Strato Air Services,STRATO,South Africa
SSA,All America US,,United States
SSB,Sasair,SASIR,Canada
SSC,Southern Seaplane,SOUTHERN SKIES,United States
SSD,Star Service International,STAR SERVICE,France
SSE,Servicios Aereos Sunset,SUNSET,Mexico
SSF,Severstal,SEVERSTAL,Russia
SSG,Slovak Government Flying Service,SLOVAK GOVERNMENT,Slovakia
SSH,Heritiage Flight (Valley Air Services),SNOWSHOE,United States
SSI,Vision Airlines,SUPER JET,Nigeria
SSK,Skystar International,SKYSTAR,United States
SSL,Air Sultan,SIERRA SULTAN,Sierra Leone
SSM,Aero 1 Pro-Jet,RAPID,Canada
SSN,Airquarius Air Charter,SUNSTREAM,South Africa
SSO,Special Scope Limited,DOPE,United Kingdom
SSP,Starspeed,STARSPEED,United Kingdom
SSQ,Sunstate Airlines,SUNSTATE,Australia
SSS,SAESA,SAESA,Spain
SST,Sunwest Airlines,SUNFLIGHT,Canada
SSU,SASCA,SASCA,Venezuela
SSV,Skyservice Airlines,SKYTOUR,Canada
SSW,Streamline Aviation,STREAMLINE,United Kingdom
SSX,Lynx Aviation (L3/SSX),Shasta,United States
SSY,Sky Aviation,SIERRA SKY,Sierra Leone
SSZ,Specsavers Aviation,SPECSAVERS,United Kingdom
STA,Star Aviation,STAR,United Kingdom
STB,Status-Alpha Airline,STATUS-ALPHA,Ukraine
STC,Stadium City Limited,STADIUM,United Kingdom
STD,Servicios De Aerotransportacion De Aguascalientes,AERO AGUASCALINETES,Mexico
STE,Semitool Europe,SEMITRANS,United Kingdom
STF,SFT-Sudanese Flight,,Sudan
STG,Sedalia, Marshall, Boonville Stage Line
STH,South-Airlines,,Armenia
STI,Sontair,SONTAIR,Canada
STJ,Sella Aviation,STELLAVIA,Netherlands
STK,Aeropac,SAT PAK,United States
STL,Stapleford Flight Centre,STAPLEFORD,United Kingdom
STN,RAF St Athan,SAINT ATHAN,UNited Kingdom
STO,Streamline Ops,SLOPS,Russia
STP,STP Airways,SAOTOME AIRWAYS,Sao Tome and Principe
STQ,Star Air,STERA,Indonesia
STR,Red Star,STARLINE,United Arab Emirates
STS,Starling Airlines Spain,STARLING,Spain
STT,Air St. Thomas,PARADISE,United States
STU,Servicios de Transportes A,FUEGUINO,Argentina
STV,Southern Aviation,SOUTHERN AVIATION,Ghana
STW,South West Air Corporation,SIERRA WHISKEY,Philippines
STX,Stars Away Aviation,STARSAWAY,South Africa
STY,Styrian Airways,STYRIAN,Austria
SUA,Silesia Air,AIR SILESIA,Czech Republic
SUB,Suburban Air Freight,SUB AIR,United States
SUD,Sudan Airways,SUDANAIR,Sudan
SUE,Aerolineas Del Sureste,AEROSURESTE,Mexico
SUF,Sun Air (Fiji),SUNFLOWER,Fiji
SUG,Sunu Air,SUNU AIR,Senegal
SUH,Sun Light,LIGHT AIR,Kyrgyzstan
SUI,Swiss Air Force,SWISS AIR FORCE,Switzerland
SUK,Superior Aviation Services,SKYCARGO,Kenya
SUM,State Unitary Air Enterprise,SUMES,Russia
SUN,Antillana De Navegacion Aerea,,Dominican Republic
SUO,Aeroservicios De San Luis,SERVICIO SANLUIS,Mexico
SUP,Aerosuper,AEROSUPER,Mexico
SUR,Sun Air,,Egypt
SUS,Sun Air of Scandinavia,SUNSCAN,Denmark
SUT,Sistemas Aeronauuticos 2000,SISTEMAS AERONAUTICOS,Mexico
SUU,Star West Aviation,SUNSTAR,United States
SUV,Sundance Air,DANCEAIR,Venezuela
SUW,Interavia Airlines,ASTAIR,Russia
SUY,Aerial Surveys (1980) Limited,SURVEY,New Zealand
SVA,Saudi Arabian Airlines,SAUDIA,Saudi Arabia
SVD,St. Vincent Grenadines Air (1990),GRENADINES,Saint Vincent and the Grenadines
SVE,Aero Servicios Expecializados,AEROESPECIAL,Mexico
SVF,Swedish Armed Forces,SWEDEFORCE,Sweden
SVG,SVG Air,Grenadines,Saint Vincent and the Grenadines
SVH,Sterling Helicopters,SILVER,United Kingdom
SVI,Servicios De Transporte Aereo,SETRA,Mexico
SVJ,Silver Air,,Djibouti
SVK,Air Slovakia,SLOVAKIA,Slovakia
SVL,Sevastopol-Avia,SEVAVIA,Ukraine
SVM,Aeroservicios Monterrey,SERVIMONTE,Mexico
SVN,Savanair (Angola),SAVANAIR,Angola
SVO,Servicios Aeronauticos De Oriente,SERVIORIENTE,Mexico
SVR,Ural Airlines,SVERDLOVSK AIR,Russia
SVS,Servicios Aereos Saar,AEREOS SAAR,Mexico
SVT,Seven Four Eight Air Services,SIERRA SERVICES,Luxembourg
SVW,Global Jet Luxembourg,SILVER ARROWS,Luxembourg
SVX,Security Aviation,SECURITY AIR,United States
SVY,Cooper Aerial Surveys,SURVEYOR,United Kingdom
SWA,Southwest Airlines,SOUTHWEST,United States
SWB,Swissboogie Parapro,SWISSBOOGIE,Switzerland
SWC,South West Air,SAINT CLAIR,Canada
SWD,Southern Winds Airlines,SOUTHERN WINDS,Argentina
SWE,Swedeways,SWEDELINE,Sweden
SWF,Galair International,GALAIR,United Kingdom
SWG,Sunwing Airlines,SUNWING,Canada
SWH,Adler Aviation,SHOCKWAVE,Canada
SWI,Sunworld Airlines,SUNWORLD,United States
SWJ,Stateswest Airlines,STATES,United States
SWK,General Aerospace,SKYWALKER,Canada
SWL,Trans Jet Airways,TRANSJET,Sweden
SWM,Sky Angkor Airlines (ZA),SKY ANGKOR,Cambodia
SWN,West Air Sweden,AIR SWEDEN,Sweden
SWO,Surninam International Victory Airline,SIVA,Suriname
SWP,Star Work Sky,STAR WORK,Italy
SWQ,Swift Air (Interstate Equipment Leasing),SWIFTFLIGHT,United States
SWR,Swissair,Swissair,Switzerland
SWS,Sunwest Aviation (Lindquist Investment),SUNNY WEST,United States
SWT,Swiftair,SWIFT,Spain
SWU,Swiss European Air Lines,EUROSWISS,Switzerland
SWV,Swe Fly,FLYING SWEDE,Sweden
SWW,Shovkoviy Shlyah,WAY AERO,Ukraine
SWX,Swazi Express Airways,SWAZI EXPRESS,Swaziland
SWY,Sky Jet,SWISSLINK,Switzerland
SWZ,Servair, Private Charter,SWISSBIRD
SXA,Southern Cross Aviation,FERRY,United States
SXC,Sky Exec Aviation Services,SKY EXEC,Nigeria
SXE,Southeast Express Airlines,DOGWOOD EXPRESS,United States
SXM,Servicios Aereos Sepecializados Mexicanos,SERVIMEX,Mexico
SXP,Sky Express,EXPRESS SKY,Poland
SXR,Sky Express,SKYSTORM,Russia
SXS,SunExpress,SUNEXPRESS,Turkey
SXT,Servicios De Taxi Aereo,SERTA,Mexico
SXX,Satellite Aero,SATELLITE EXPRESS,United States
SXY,Safari Express Cargo,SAFARI EXPRESS,Kenya
SYA,Skyways,LINEAS CARDINAL,Argentina
SYC,Systec 2000,SYSTEC,United States
SYE,Sheba Aviation,,Yemen
SYF,Sky One Express Airlines,SKY FIRST,United States
SYG,Synergy Aviation,SYNERGY,United Kingdom
SYI,Sonalysts,,United States
SYJ,Slate Falls Airways,,Canada
SYK,Satsair,AEROCAB,United States
SYL,Aircompany Yakutia,AIR YAKUTIA,Russia
SYN,Syncrude Canada,SYNCRUDE,Canada
SYR,Syrian Arab Airlines,SYRIANAIR,Syrian Arab Republic
SYS,Shawbury Flying Training Unit,SHAWBURY,United Kingdom
SYT,Aerosud Aviation,SKYTRACK,South Africa
SYV,Special Aviation Systems,SPECIAL SYSTEM,United States
SYX,Skywalk Airlines,SKYWAY-EX,United States
SYY,South African Historic Flight,SKY COACH,South Africa
SZA,Aerolineas De El Salvador,AESA,El Salvador
SZB,Aerolineas heredas santa maria,,Dominican Republic
SZL,Swaziland Airlink,SWAZILINK,Swaziland
SZT,Servicios Aeronauticos Z,AERO ZEE,Mexico
SZZ,SUR Lineas Aereas,,Argentina
TAA,Aeroservicios de La Costa,AERO COSTA,Mexico
TAC,Turbot Air Cargo,TURBOT,Senegal
TAD,Tranporte Aereo Dominicano,TRANS DOMINICAN,Dominican Republic
TAE,TAME,TAME,Ecuador
TAG,TAG Aviation USA,TAG U-S,United States
TAH,Air Moorea,AIR MOOREA,France
TAJ,Tunisavia,TUNISAVIA,Tunisia
TAK,Tatarstan Airlines,TATARSTAN,Russia
TAL,Talair,TALAIR,Papua New Guinea
TAM,TAM Brazilian Airlines,TAM,Brazil
TAN,Zanair,ZANAIR,Tanzania
TAO,Aeromar,TRANS-AEROMAR,Mexico
TAP,TAP Portugal,AIR PORTUGAL,Portugal
TAQ,Taunus Air Gmbh,Taunusair,Germany
TAR,Tunisair,TUNAIR,Tunisia
TAS,Lotus Air,LOTUS FLOWER,Egypt
TAT,Grupo TACA,TACA-COSTARICA,Costa Rica
TAU,Transportes Aereos Tauro,TRANSTAURO,Mexico
TAV,Compania de Servicios Aereos Tavisa,TAVISA,Spain
TAX,Travelair,TRAVELAIR,Germany
TAY,TNT Airways,QUALITY,Belgium
TBA,Transbrasil,TRANSBRASIL,Brazil
TBC,Turbine Air Cargo UK,,United Kingdom
TBD,Thunderbird Tours,ORCA,Canada
TBG,Tropical Airways,,Haiti
TBH,Trinity Air Bahamas,,Bahamas
TBI,TAB Express International,TAB INTERNATIONAL,United States
TBL,Aerotrebol,AEROTREBOL,Mexico
TBM,Taban Air Lines,TABAN AIR,Iran
TBN,Teebah Airlines,TEEBAH,Sierra Leone
TBO,Aero Taxi de Los Cabos,AERO CABOS,Mexico
TBR,Tubelair,TUBELAIR,Tunisia
TBS,Servicios Aereos Tribasa,TRIBASA,Mexico
TBX,Tobago Express,TABEX,Trinidad and Tobago
TBZ,TrasBrasil,,Brazil
TCA,Tropican Air Services,TROPICANA,Egypt
TCB,Transporte del Caribe,TRANSCARIBE,Colombia
TCC,Trans Continental Airlines,TRANSCAL,Sudan
TCD,Tchad Airlines,TCHADLINES,Chad
TCE,Trans-Colorado Airlines,TRANS-COLORADO,United States
TCF,Shuttle America,MERCURY,United States
TCG,Thai Air Cargo,THAI CARGO,Thailand
TCH,Transcontinental Air,TRANS GULF,Bahrain
TCI,Air Turks and Caicos,KERRMONT,Turks and Caicos Islands
TCL,Coastal Air Transport,TRANS COASTAL,United States
TCM,Teledyne Continental Motors,TELEDYNE,United States
TCN,Trans Continental Airlines,TRANSCON,United States
TCO,Aerotranscolombina de Carga,TRANSCOLOMBIA,Colombia
TCP,Transcorp Airways,TRANSCORP,United Kingdom
TCR,Lanaes Aereas Trans Costa Rica,TICOS,Costa Rica
TCT,Transcontinental Sur,TRANS-CONT,Uruguay
TCU,Transglobal Airways Corporation,TRANSGLOBAL,Philippines
TCV,TACV,CABOVERDE,Portugal
TCW,Thomas Cook Airlines,THOMAS COOK,Belgium
TCX,Thomas Cook Airlines,KESTREL,United Kingdom
TCY,Twin Cities Air Service,TWIN CITY,United States
TDA,TDA Toa Domestic Airlines,Toa Domes,Japan
TDB,Welch Aviation,THUNDER BAY,United States
TDC,Tadair,TADAIR,Spain
TDE,Tellavia / Flight One,TELLURIDE,United States
TDG,Air Cargo Express,TURBO DOG,United States
TDI,Transportes Aereos de Ixtlan,TRANSIXTLAN,Mexico
TDK,Transavia Denmark,,Denmark
TDM,Tandem Aero,TANDEM,Moldova
TDO,TRADO,TRADO,Dominican Republic
TDR,Trade Air,TRADEAIR,Croatia
TDT,Atlas Helicopters,TRIDENT,United Kingdom
TDV,Taxi Aero Nacional Del Evora,TAXI EVORA,Mexico
TDX,Tradewinds Airlines,TRADEWINDS EXPRESS,United States
TDY,Air Today,AIR TODAY,United States
TEA,Executive Turbine Aviation,TRAVELMAX,South Africa
TEB,Tenir Airlines,TENIR AIR,Kyrgyzstan
TED,Aero Servicios Azteca,AEROAZTECA,Mexico
TEE,West Freugh DTEO,TEEBIRD,United Kingdom
TEF,Tecnicas Fotograficas,TECFOTO,Spain
TEH,Tempelhof Airways,TEMPELHOF,United States
TEL,Telford Aviation,TELFORD,United States
TEM,Tech-Mont Helicopter Company,TECHMONT,Slovakia
TEN,Tennessee Airways,TENNESSEE,United States
TEP,Transeuropean Airlines,TRANSEURLINE,Russia
TER,Territorial Airlines,TERRI-AIRE,United States
TES,TAES Transportes Aereos de El Salvador,TAES,El Salvador
TET,Tepavia-Trans Airlines,TEPAVIA,Moldova
TEX,Catex,CATEX,France
TEZ,Tez Jet Airlines,,Kyrgyzstan
TFA,Trans-Florida Airlines,TRANS FLORIDA,United States
TFB,Tair Airways,ROYAL TEE-AIR,Philippines
TFF,Talon Air,TALON FLIGHT,United States
TFG,MAS Airways,TRAFALGAR,United Kingdom
TFH,Thai Flying Helicopter Service,THAI HELICOPTER,Thailand
TFI,Transport Facilitators,,United States
TFK,Transafrik International,,Sao Tome and Principe
TFL,Arkefly,ARKEFLY,Netherlands
TFN,Norwegian Aviation College,SPRIT,Norway
TFO,Transportes Aereos del Pacifico,TRANSPORTES PACIFICO,Mexico
TFT,Thai Flying Service,THAI FLYING,Thailand
TFU,213 Flight Unit,,Russia
TFY,Tayside Aviation,TAYSIDE,United Kingdom
TGA,Air Togo,AIR TOGO,Togo
TGC,TG Aviation,THANET,United Kingdom
TGE,Trabajos Aereos,TASA,Spain
TGI,Transportes Aereos Regionales,TRANSPORTE REGIONAL,Mexico
TGM,TAG Aviation Espana,TAG ESPANA,Spain
TGN,Trigana Air Service,TRIGANA,Indonesia
TGO,Transport Canada,TRANSPORT,Canada
TGT,SAAB Nyge Aero,TARGET,Sweden
TGW,Tiger Airways Australia,GO CAT,Australia
TGX,Transair Gabon],TRANSGABON,Gabon
TGY,Trans Guyana Airways,TRANS GUYANA,Guyana
TGZ,Georgian Airways,TAMAZI,Georgia
THA,Thai Airways International,THAI,Thailand
THB,Spark Air,THAI SABAI,Thailand
THC,Tar Heel Aviation,TARHEEL,United States
THD,611897 Alberta Limited,DONUT,Canada
THE,Toumai Air Tchad,TOUMAI AIR,Chad
THF,Touraine Helicoptere,TOURAINE HELICO,France
THG,Thai Global Airline,THAI GLOBAL,Thailand
THI,TransHolding,,Brazil
THJ,Thai Jet Intergroup,THAI JET,Thailand
THK,Turk Hava Kurumu Hava Taksi Isletmesi,HUR KUS,Turkey
THM,Airmark Aviation,THAI AIRMARK,Thailand
THN,International Security Assistance Force,ATHENA,Canada
THO,TACA De Honduras,LEMPIRA,Honduras
THR,Tehran Airline,TEHRAN AIR,Iran
THS,TransBrasil Airlines,,Brazil
THT,Air Tahiti Nui,TAHITI AIRLINES,France
THU,Thunder Airlines,AIR THUNDER,Canada
THY,Turkish Airlines,TURKAIR,Turkey
THZ,Trans Helicoptere Service,LYON HELIJET,France
TIA,Trans International Airlines,TRANS INTERNATIONAL,United States
TIB,TRIP Linhas A,TRIP,Brazil
TIC,Travel International Air Charters,TRAVEL INTERNATIONAL,Zambia
TIE,Time Air,TIME AIR,Czech Republic
TIH,S C Ion Tiriac,TIRIAC AIR,Romania
TIK,Tic Air,TICAIR,Australia
TIL,Tajikistan International Airlines,TIL,Tajikistan
TIM,TEAM Transportes Aereos,TEAM BRASIL,Brazil
TIN,Taino Tours,TAINO,Dominican Republic
TIP,C and M Aviation,TRANSPAC,United States
TIR,Antair,ANTAIR,Mexico
TIS,Tesis,TESIS,Russia
TIW,Transcarga Intl Airways,TIACA,Venezuela
TJA,T.J. Air,T.J. Air,United States
TJK,Tajikair,TAJIKAIR,Tajikistan
TJN,Tien-Shan,NERON,Kazakhstan
TJS,Tyrolean Jet Service,TYROLJET,Austria
TJT,Twin Jet,TWINJET,France
TKC,Tikal Jets Airlines,TIKAL,Guatemala
TKE,Take Air Line,ISLAND BIRD,France
TKR,Canadian Interagency Forest Fire Centre,TANKER,Canada
TKS,Tomsk-Avia,,Russia
TKX,Tropical International Airways,TROPEXPRESS,Saint Kitts and Nevis
TKY,Thai Sky Airlines,THAI SKY,Thailand
TLA,Translift Airways,TRANSLIFT,Ireland
TLB,Atlantique Air Assistance,TRIPLE-A,France
TLC,Caribbean Express,CARIB-X,United States
TLD,Aero Taxi Autlan,AEREO AUTLAN,Mexico
TLE,Aero Util,AEROUTIL,Mexico
TLF,Transport Africa,TRANS-LEONE,Sierra Leone
TLL,Trans Atlantic Airlines,ATLANTIC LEONE,Sierra Leone
TLM,Tramm Airlines,9F,Netherlands Antilles
TLO,Eagle Canyon Airlines,TALON AIR,United States
TLP,Tulip Air,TULIPAIR,Netherland
TLR,Air Libya Tibesti,AIR LIBYA,Libya
TLS,TLC Air,TEALSY,United States
TLT,Turtle Airways,TURTLE,Fiji
TLU,Aero Toluca Internactional,AEROTOLUCA,Mexico
TLV,Travelair,PAJAROS,Uruguay
TLW,Teamline Air,Teamline,Austria
TLX,Telesis Transair,TELESIS,United States
TLY,Top-Fly,TOPFLY,Spain
TMA,Trans Mediterranean Airlines,TANGO LIMA,Lebanon
TMD,Transmed Airlines,,Egypt
TME,Aero Taxi del Centro de Mexico,TAXICENTRO,Mexico
TMG,Tri-MG Intra Asia Airlines,TRILINES,Indonesia
TMH,Taxis Turisticos Marakame,TAXIMARAKAME,Mexico
TMI,Tamir Airways,TAMIRWAYS,Israel
TMK,Tomahawk Airways,TOMAHAWK,United States
TML,TAM,TAM AIRLINE,Madagascar
TMM,TMC Airlines,WILLOW RUN,United States
TMP,Arizona Express Airlines,TEMPE,United States
TMQ,TRAM,TRAM AIR,Mauritania
TMR,Timberline Air,TIMBER,Canada
TMS,Temsco Helicopters,TEMSCO,United States
TMT,Trans Midwest Airlines,TRANS MIDWEST,United States
TMW,Trans Maldivian Airways,,Maldives
TMX,Tramon Air,TRAMON,South Africa
TMY,Transportes Aereos del Mundo Maya,MUNDO MAYA,Mexico
TMZ,Tranporte Amazonair,TRANS AMAZON,Venezuela
TNA,TransAsia Airways,TransAsia,Taiwan
TNB,Trans Air-Benin,TRANS-BENIN,Benin
TNC,National Aviation Consultants,NATCOM,Canada
TND,Aero Taxis Cessna,TAXIS CESSNA,Mexico
TNE,Taxis Aereos del Noroeste,TAXINOROESTE,Mexico
TNF,Transafricaine,TRANSFAS,Burkina Faso
TNG,Tennessee Air National Guard 164th Airlift Group,,United States
TNI,Transair International Linhas Aereas,TRANSINTER,United States
TNL,Tengeriyn Ulaach Shine,SKY HORSE,Mongolia
TNM,Tiara Air,TIARA,Aruba
TNO,Aerotransporte de Carga Union,AEROUNION,Mexico
TNP,Transped Aviation,TRANSPED,Austria
TNR,Tanana Air Services,TAN AIR,United States
TNS,Transilvania,,Romania
TNT,Trans North Turbo Air,TRANS NORTH,Canada
TNU,TransNusa Air,TRANSNUSA,Indonesia
TNV,Transnorthern,TRANSNORTHERN,United States
TNW,Trans Nation Airways,TRANS-NATION,Ethiopia
TNX,Trener Ltd,TRAINER,Hungary
TNY,Twin Town Leasing Company,TWINCAL,United States
TOB,Tobruk Air,TOBRUK AIR,Libya
TOC,Aerotropical,TROPICMEX,Mexico
TOF,RAF Topcliffe Flying Training Unit,TOPCLIFFE,United Kingdom
TOH,Air Tomisko,TOMISKO CARGO,Serbia
TOJ,TOJ Airlines,TOJ AIRLINE,Tajikistan
TOK,Airlines PNG,BALUS,Papua New Guinea
TOL,Tol-Air Services,TOL AIR,United States
TOM,Thomsonfly,TOMSON,United Kingdom
TON,Aero Tanala,AEROTANALA,Mexico
TOP,Top Air,AIR TOP,Turkey
TOR,Toronto Airways,TORONTAIR,Canada
TOS,Tropic Air,TROPISER,Belize
TOT,Totavia,,Canada
TOW,Tower Air,TEE AIR,United States
TOX,Neosiam Airways,SKY KINGDOM,Thailand
TOY,Toyota Canada,TOYOTA,Canada
TPA,TAMPA,TAMPA,Colombia
TPB,Aero Tropical,AERO TROPICAL,Angola
TPC,Air Cal,AIRCAL,France
TPD,Top Speed,TOP SPEED,Austria
TPF,Taxis Aereos del Pacifico,TAXIPACIFICO,Mexico
TPG,Transportes Aereos Pegaso,TRANSPEGASO,Mexico
TPK,Air Horizon,TCHAD-HORIZON,Chad
TPL,TAR Interpilot,INTERPILOT,Mauritania
TPM,Transpais Aereo,TRANSPAIS,Mexico
TPN,Transportacion Aerea del Norte,AEREA DELNORTE,Mexico
TPO,Aero Taxi del Potosi,TAXI-POTOSI,Mexico
TPP,Transpac Express,TRANS EXPRESS,Australia
TPR,Taxis Aereos De Parral,TAXIS PARRAL,Mexico
TPS,TAPSA Transportes Aereos Petroleros,TAPSA,Argentina
TPT,Transportes Aereo del Sureste,TASSA,Mexico
TPU,Trans American Airlines (Trans Am),TRANS PERU,Peru
TPV,Thai Pacific Airlines Business,THAI PACIFIC,Thailand
TPX,Transportes Aereos De Xalapa,TRANSXALAPA,Mexico
TPY,Trans-Provincial Airlines,TRANS PROVINCIAL,Canada
TPZ,Transportes La Paz,TRANSPAZ,Mexico
TQF,United Kingdom Royal VIP Flights,RAINBOW,United Kingdom
TQM,JM Family Aviation,TACOMA,United States
TQN,Taquan Air Services,TAQUAN,United States
TQR,Transportacion Aerea De Queretaro,TRANSQUERETARO,Mexico
TQS,Aeroturquesa,AEROTURQUESA,Mexico
TRA,Transavia Holland,TRANSAVIA,Netherlands
TRB,Ukraine Transavia,KIROVTRANS,Ukraine
TRC,Trans Air Charter,TRACKER,United States
TRD,Trans Island Air,TRANS ISLAND,Barbados
TRF,Taxi Air Fret,TAXI JET,France
TRG,TRAGSA (Medios Aereos),,Spain
TRH,Airmark Aviation,TRANSTAR,United States
TRI,Executive Flight Operations Ontario Government,TRILLIUM,Canada
TRJ,Trans Euro Air,HIGH TIDE,United Kingdom
TRK,Turkuaz Airlines,TURKU,Turkey
TRL,Starlite Aviation,STARSTREAM,South Africa
TRM,Transport Aerien de Mauritanie,SOTRANS,Mauritania
TRN,Servicios Aereos Corporativos,AEROTRON,Mauritania
TRO,Tropic Airlines-Air Molokai,MOLOKAI,United States
TRP,Maryland State Police,TROOPER,United States
TRQ,Turdus Airways,HUNTER,Netherland
TRR,Tramson Limited,TRAMSON,Sudan
TRS,AirTran Airways,CITRUS,United States
TRT,Trans Arabian Air Transport,TRANS ARABIAN,Sudan
TRU,Triangle Airline (Uganda),TRI AIR,Uganda
TRW,Transwestern Airlines of Utah,TRANS-WEST,United States
TRY,Tristar Airlines,TRISTAR AIR,United States
TRZ,TransMeridian Airlines,TRANS-MERIDIAN,United States
TSA,Transair France,AIRTRAF,France
TSC,Air Transat,TRANSAT,Canada
TSD,TAF-Linhas Aereas,TAFI,Brazil
TSE,Transmile Air Services,TRANSMILE,Malaysia
TSG,Trans-Air-Congo,TRANS-CONGO,Republic of the Congo
TSH,Regional 1,TRANSCANADA,Canada
TSI,Transport'air,TRANSPORTAIR,France
TSJ,Trast Aero,TRAST AERO,Kyrgyzstan
TSK,Trast Aero,TOMSK-AVIA,Kyrgyzstan
TSL,Thai Aviation Services,THAI AVIATION,Thailand
TSM,Trans Sayegh Airport Services,,Lebanon
TSN,Trans-Air Services,AIR TRANS,Nigeria
TSO,Transaero Airlines,TRANSOVIET,Russia
TSP,Transportes Aereos Inter,TRANSPO-INTER,Guatemala
TSQ,airtransse,AIRTRA,Japan
TSR,Trans Service Airlift,TRANS SERVICE,Democratic Republic of Congo
TSS,Tri-State Aero,TRI-STATE,United States
TST,TRAST,TRAST,Kazakhstan
TSU,Gulf & Caribbean Cargo / Contract Air Cargo,TRANSAUTO,United States
TSV,Tropair Airservices,TROPIC,United Kingdom
TSW,Transwings,SWISSTRANS,Switzerland
TSX,Thai Star Airlines,THAI STAR,Thailand
TSY,Tristar Air,TRIPLE STAR,Egypt
TTA,TTA - Sociedade de Transporte e Trabalho Aereo,KANIMANBO,Mozambique
TTB,Aerolineas Turisticas del Caribe,AERO TURISTICAS,Mexico
TTC,Transteco,TRANSTECO,Angola
TTE,Avcenter,TETON,United States
TTF,224th Flight Unit,CARGO UNIT,Russia
TTH,Tarhan Tower Airlines,,Turkey
TTL,Total Linhas Aereas,TOTAL,Brazil
TTM,Societe Tout Tranport Mauritanien,TOUT-AIR,Mauritania
TTP,Triple O Aviation,MIGHTY WING,Nigeria
TTR,Transportaciones Y Servicios Aereos,TRANSPORTACIONES,Mexico
TTS,Transporte Aereo Tecnico Ejecutivo,TECNICO,Mexico
TTZ,Transair,,Canada
TUA,Turkmenistan Airlines,TURKMENISTAN,Turkmenistan
TUB,TUI Airlines Belgium,BEAUTY,Belgium
TUC,Turismo Aereo de Chile,TURICHILE,Chile
TUD,Flight Alaska,TUNDRA,United States
TUI,Tuninter,,Tunisia
TUK,Ocean Wings Commuter Service,TUCKERNUCK,United States
TUL,Tulpar Air,URSAL,Russia
TUM,Tyumenspecavia,TUMTEL,Russia
TUN,Air Tungaru,TUNGARU,Kiribati
TUO,Taxi Aereo Turistico,TURISTICO,Mexico
TUP,Aviastar-Tu,TUPOLEVAIR,Russia
TUR,ATUR,,Ecuador
TUS,ABSA - Aerolinhas Brasileiras,ABSA Cargo,Brazil
TUX,Tulpar Air Service,TULPA,Kazakhstan
TUY,Linea Turistica Aerotuy,AEREOTUY,Venezuela
TUZ,Tuna Aero,TUNA,Sweden
TVA,Trans America Airlines,TRANS-AMERICA,United States
TVF,Transavia France,FRENCH SUN,France
TVH,Trabajos Aereos Vascongados,TRAVASA,Spain
TVI,Tiramavia,TIRAMAVIA,Moldova
TVJ,Thai Vietjet Air,THAIVIET JET,Thailand
TVL,Travel Service,TRAVEL SERVICE,Hungary
TVO,Transavio,TRANS-BALLERIO,Italy
TVR,Tavrey Airlines,TAVREY,Ukraine
TVS,Travel Service,SKYTRAVEL,Czech Republic
TWA,Trans World Airlines,TWA,United States
TWB,Tway Airlines,TWAY AIR,South Korea
TWD,Turkish Wings Domestic,TWD,Turkey
TWE,Transwede Airways,TRANSWEDE,Sweden
TWF,247 Jet Ltd,CLOUD RUNNER,United Kingdom
TWJ,Twinjet Aircraft Sales,,United Kingdom
TWL,Tradewinds Aviation,TRADEWINDS CANADA,Canada
TWM,Transairways,,Mozambique
TWN,Avialeasing Aviation Company,TWINARROW,Uzbekistan
TWO,Twente Airlines,COLIBRI,Netherlands
TWW,Trans Air Welwitchia,WELWITCHIA,Angola
TXA,Texair Charter,OKAY AIR,United States
TXB,Bell Helicopter Textron,TEXTRON,Canada
TXC,Transaviaexport,TRANSEXPORT,Belarus
TXD,Aerotaxis del Noroeste,TAXI OESTE,Mexico
TXE,Transilvania Express,TRANSAIR EXPRESS,Romania
TXF,Aerotaxis Alfe,ALFE,Mexico
TXI,Aereotaxis,AEREOTAXIS,Mexico
TXL,Taxi Aereo Cozatl,TAXI COZATL,Mexico
TXM,Taxi Aereo de Mexico,TAXIMEX,Mexico
TXN,Texas National Airlines,TEXAS NATIONAL,United States
TXO,Taxis Aereos de Sinaloa,TAXIS SINALOA,Mexico
TXP,Texas Spirit,,United States
TXR,Taxirey,TAXIREY,Mexico
TXS,Texas Airlines,TEXAIR,United States
TXT,Texas Air Charters,TEXAS CHARTER,United States
TXU,ATESA Aerotaxis Ecuatorianos,ATESA,Ecuador
TXV,Puerto Vallarta Taxi Aereo,TAXIVALLARTA,Mexico
TXW,Texas Wings,TXW,United States
TXX,Austin Express,COWBOY,United States
TXZ,Tex Star Air Freight,TEX STAR,United States
TYF,Tayflite,TAYFLITE,United Kingdom
TYG,Trygg-Flyg,TRYGG,Sweden
TYR,Tyrolean Airways,TYROLEAN,
TYS,TransHolding System,,Brazil
TYW,Tyrol Air Ambulance,TYROL AMBULANCE,Austria
TZA,Aero Tomza,AERO TOMZA,Mexico
TZE,Transporte Aereo Ernesto Saenz,TRANSPORTE SAENZ,Mexico
TZK,Tajikstan,TAJIKSTAN,Tajikistan
TZT,Air Zambezi,ZAMBEZI,Zimbabwe
TZU,Servicios Aereos Tamazula,TAMAZULA,Mexico
UAA,University Air Squadron,,United Kingdom
UAB,United Arabian Airlines,UNITED ARABIAN,Sudan
UAC,United Air Charters,UNITAIR,Zimbabwe
UAD,University Air Squadron,,United Kingdom
UAE,Emirates,EMIRATES,United Arab Emirates
UAF,United Arab Emirates Air Force,UNIFORCE,United Arab Emirates
UAG,Afra Airlines,AFRALINE,Ghana
UAH,University Air Squadron,,United Kingdom
UAI,Union Africaine des Transports,UNAIR,Ivory Coast
UAJ,University Air Squadron,,United Kingdom
UAK,Kiev Aviation Plant,AVIATION PLANT,Ukraine
UAL,United Airlines,UNITED,United States
UAR,Aerostar Airlines,AEROSTAR,Ukraine
UAT,Ukraine Atlantic,,Ukraine
UAY,University of Birmingham Air Squadron (RAF),UAY,United Kingdom
UBA,Myanma Airways,UNIONAIR,Myanmar
UBD,United Airways,UNITED BANGLADESH,Bangladesh
UBG,US-Bangla Airlines,,Bangladesh
UCA,CommutAir,COMMUTAIR,United States
UCC,Uganda Air Cargo,UGANDA CARGO,Uganda
UCH,US Airports Air Charter,US CHARTER,United States
UCK,Air Division of the Eastern Kazakhstan Region,GALETA,Kazakhstan
UCO,Ucoaviacion,UCOAVIACION,Spain
UCR,Aero-Charter Ukraine,CHARTER UKRAINE,Ukraine
UCS,United Carriers Systems,UNITED CARRIERS,United States
UDA,Psudiklat Perhubungan Udara/PLP,UDARA,Indonesia
UDC,DonbassAero,DONBASS AERO,Ukraine
UDN,Dniproavia,DNIEPRO,Ukraine
UEA,United Eagle Airlines,UNITED EAGLE,China
UED,Air LA,AIR L-A,United States
UEJ,Jetcorp,JETCORP,United States
UES,Ues-Avia Aircompany,AVIASYSTEM,Ukraine
UFA,State Flight Academy of Ukraine,FLIGHT ACADEMY,Ukraine
UFS,UFS,FEEDER EXPRESS,United States
UGA,Uganda Airlines,UGANDA,Uganda
UGC,Urgemer Canarias,URGEMER,Spain
UGL,Inter-Island Air,UGLY VAN,United States
UGN,Yuzhnaya Aircompany,PLUTON,Kazakhstan
UGP,Shar Ink,SHARINK,Russia
UGX,East African,CRANE,Uganda
UHL,Ukrainian Helicopters,UKRAINE COPTERS,Ukraine
UHS,Ulyanovsk Higher Civil Aviation School,PILOT AIR,Russia
UIA,Uni Air,Glory,Taiwan
UJR,Universal Jet Rental de Mexico,UNIVERSAL JET,Mexico
UJT,Universal Jet Aviation,UNI-JET,United States
UJX,AtlasGlobal Ukraine,Atlas Ukraine,Ukraine
UKA,Buzzaway Limited,UKAY,United Kingdom
UKI,UK International Airlines,KHALIQ,United Kingdom
UKL,Ukraine Air Alliance,UKRAINE ALLIANCE,Ukraine
UKM,UM Airlines,UKRAINE MEDITERRANEE,Ukraine
UKN,Ukraine Air Enterprise,ENTERPRISE UKRAINE,Ukraine
UKP,United Kingdom Home Office,POLICE,United Kingdom
UKR,Air Ukraine,AIR UKRAINE,Ukraine
UKS,Ukrainian Cargo Airways,CARGOTRANS,Ukraine
UKU,Second Sverdlovsk Air Enterprise,PYSHMA,Russia
UKW,Lviv Airlines,UKRAINE WEST,Ukraine
UKZ,Fly Zoom,,United Kingdom
ULA,Zuliana de Aviacion,,Venezuela
ULS,Carroll Air Service,ULSTER,United States
ULT,Ultrair,ULTRAIR,United States
UMA,Lineas Aereas del Humaya,HUMAYA,Mexico
UMB,Air Umbria,AIR UMBRIA,Italy
UMK,Yuzhmashavia,YUZMASH,Ukraine
UMS,Unitemp-M,TOPAZ,Russia
UNC,Uni-Fly,UNICOPTER,Denmark
UND,Atuneros Unidos de California,ATUNEROS UNIDOS,Mexico
UNF,Union Flights,UNION FLIGHTS,United States
UNJ,Universal Jet,PROJET,Spain
UNR,Rivne Universal Avia,RIVNE UNIVERSAL,Ukraine
UNS,Unsped Paket Servisi,UNSPED,Turkey
UNT,Servicios Aereos Universitarios,UNIVERSITARIO,Mexico
UNU,Unifly Servizi Aerei,UNIEURO,Italy
UNY,Lund University School of Aviation,UNIVERSITY,Sweden
UPA,Air Foyle,FOYLE,United Kingdom
UPL,Ukrainian Pilot School,PILOT SCHOOL,Ukraine
UPS,United Parcel Service,UPS,United States
URA,Aircompany Rosavia,ROSAVIA,Ukraine
URG,Air Urga,URGA,Ukraine
URJ,Star Air,STARAV,Pakistan
URN,Turan Air,TURAN,Azerbaijan
URP,ARP 410 Airlines,AIR-ARP,Ukraine
URR,Aurora Airlines,AIR AURORA,Slovenia
URV,Uraiavia,URAI,Russia
URY,Century Aviation,CENTURY AVIA,Mexico
USA,US Airways,U S AIR,United States
USB,Tusheti,TUSHETI,Georgia
USC,US Check Airlines,STAR CHECK,United States
USF,USAfrica Airways,AFRICA EXPRESS,United States
USH,US Helicopter,US-HELI,United States
USJ,US Jet,USJET,United States
USK,Skif-Air,SKIF-AIR,Ukraine
USN,Smarkand Aero Servise,SAMAS,Uzbekistan
UST,Austro Aereo,AUSTRO AEREO,Ecuador
USX,US Express,AIR EXPRESS,United States
UTA,UTair Aviation,UTAIR,Russia
UTG,UTAGE,UTAGE,Equatorial Guinea
UTM,TAPC Aviatrans Aircompany,AVIATAPS,Uzbekistan
UTN,Trans-Ulgii,TRANS-ULGII,Mongolia
UTR,Utair South Africa,AIRUT,South Africa
UTS,Ukrainian State Air Traffic Service Enterprise,AIRRUH,Ukraine
UTT,Transarabian Transportation Services,ARABIAN TRANSPORT,Uganda
UTU,Urartu-Air,,Armenia
UTX,Avfinity,,United States
UTY,Alliance Airlines,UNITY,Australia
UVA,Universal Airways,UNIVERSAL,United States
UVG,Universal Airlines,GUYANA JET,Guyana
UVM,Uvavemex,UVAVEMEX,Mexico
UVN,United Aviation,UNITED AVIATION,Kuwait
UVS,Air Universal,UNI-LEONE,Sierra Leone
UVT,Auvia Air,AUVIA,Indonesia
UWW,LSM International ,moose,Russia
UYC,Cameroon Airlines,CAM-AIR,Cameroon
UZA,Constanta Airline,CONSTANTA,Ukraine
UZB,Uzbekistan Airways,UZBEK,Uzbekistan
UZS,Samarkand Airways,SOGDIANA,Uzbekistan
VAA,Van Air Europe,EUROVAN,Czech Republic
VAB,Airtrans Ltd,,Russia
VAC,Vacationair,VACATIONAIR,Canada
VAD,Aero Taxi Los Valles,VALLES,Spain
VAE,Air Evans,AIR-EVANS,Spain
VAG,Vega,SEGA,Kazakhstan
VAI,Avalair,AIR AVALAIR,Serbia
VAL,Voyageur Airways,VOYAGEUR,Canada
VAM,Ameravia,AMERAVIA,Uruguay
VAN,Caravan Air,CAMEL,Mauritania
VAP,Phuket Air,PHUKET AIR,Thailand
VAS,ATRAN Cargo Airlines,ATRAN,Russian Federation
VAT,Visionair,VISIONAIR,Ireland
VAU,V Australia Airlines,KANGA,Australia
VAV,Angkor Air,AIR ANGKOR,Cambodia
VAX,V Air,,Taiwan
VAZ,Airlines 400,REMONT AIR,Russia
VBA,V Bird Airlines Netherlands,VEEBEE,Netherlands
VBC,AVB-2004 Ltd,AIR VICTOR,Bulgaria
VBD,V-Berd-Avia,VEEBIRD-AVIA,Armenia
VBG,North-West Air Transport Company - Vyborg,VYBORG AIR,Russia
VBI,Virgin Blue,BLUEY,Australia
VBW,Air Burkina,BURKINA,Burkina Faso
VCA,VICA - Viacao Charter Aereos,VICA,Brazil
VCH,Consorcio Helitec,CONSORCIO HELITEC,Venezuela
VCI,CI-Tours,CI-TOURS,Ivory Coast
VCM,Volare Air Charter Company,CARMEN,United States
VCN,Execujet Charter,AVCON,Switzerland
VCR,Cruiser Linhas Aereas,VOE CRUISER,Brazil
VCT,Viscount Air Service,VISCOUNT AIR,United States
VCV,Conviasa,CONVIASA,Venezuela
VCX,Ocean Airlines,OCEANCARGO,Italy
VDA,Volga-Dnepr Airlines,VOLGA-DNEPR,Russia
VDO,Servicios Aereos Avandaro,AVANDARO,Mexico
VDR,Air Vardar,VARDAR,Macedonia
VEA,Vega Airlines,VEGA AIRLINES,Bulgaria
VEC,Venescar Internacional,VECAR,Venezuela
VEE,Victor Echo,VICTOR ECHO,Spain
VEG,Aerovega,AEROVEGA,Mexico
VEI,Virgin Express Ireland,GREEN ISLE,Ireland
VEJ,Aero Ejecutivos,VENEJECUTIV,Venezuela
VEN,Transaven,TRANSAVEN AIRLINE,Venezuela
VER,Almaver,ALMAVER,Mexico
VES,Vieques Air Link,VIEQUES,United States
VEX,Virgin Express,VIRGIN EXPRESS,Belgium
VFC,Vasco Air,VASCO AIR,Vietnam
VFT,VZ Flights,ZETA FLIGHTS,Mexico
VGA,Air Vegas,AIR VEGAS,United States
VGC,Vanguardia en Aviacion en Colima,VANGUARDIA COLIMA,Mexico
VGD,Vanguard Airlines,VANGUARD AIR,United States
VGF,Aerovista Gulf Express,VISTA GULF,United Arab Emirates
VGN,Virgin Nigeria Airways,VIRGIN NIGERIA,Nigeria
VGS,Stichting Vliegschool 16Hoven,SMART,Netherlands
VGV,Vologda State Air Enterprise,VOLOGDA AIR,Russia
VHA,VH-Air Industrie,AIR V-H,Angola
VHM,VHM Schul-und-Charterflug,EARLY BIRD,Germany
VHT,Corporate Flight International,VEGAS HEAT,United States
VIA,VIA Líneas Aéreas,,Argentina
VIB,Vibroair Flugservice,VITUS,Germany
VIC,VIP Servicios Aereos Ejecutivos,VIP-EJECUTIVO,Mexico
VID,Aviaprad,AVIAPRAD,Russia
VIE,VIP Empresarial,VIP EMPRESARIAL,Mexico
VIF,VIF Luftahrt,VIENNA FLIGHT,Austria
VIG,Vega Aviation,VEGA AVIATION,Sudan
VIH,Vichi,VICHI,Moldova
VIK,Viking Airlines,SWEDJET,Sweden
VIM,Air VIA,,Bulgaria
VIN,Vinair - Helicoptereos,VINAIR,Portugal
VIP,Tag Aviation UK,SOVEREIGN,United Kingdom
VIR,Virgin Atlantic Airways,VIRGIN,United Kingdom
VIS,Vision Air International,,Pakistan
VIV,Aeroenlaces Nacionales,AEROENLACES,Mexico
VIZ,Aerovis Airlines,AEROVIZ,Ukraine
VJA,ValueJet,CRITTER,United States
VJC,VietJet Air,VIETJETAIR,Vietnam
VJE,Avjet International (FZE),,United Arab Emirates
VJM,Viajes Ejecutivos Mexicanos,VIAJES MEXICANOS,Mexico
VJT,Vistajet,VISTA,Canada
VKG,Mytravel Airways,VIKING,Denmark
VKH,Viking Hellas,DELPHI,Greece
VKJ,VickJet,Vickjet,France
VLA,Valan International Cargo Charter,NALAU,South Africa
VLE,Volare Airlines,VOLA,Italy
VLF,DFS UK Limited,VOLANTE,United Kingdom
VLG,Vueling Airlines,VUELING,Spain
VLI,Avolar Aerolineas,AEROVOLAR,Mexico
VLK,Vladivostok Air,VLADAIR,Russia
VLL,RAF Valley SAR Training Unit,,United Kingdom
VLM,VLM Airlines,RUBENS,Belgium
VLN,Valan Limited,VALAN,Moldova
VLO,Varig Log,VELOG,Brazil
VLR,Aerolineas Villaverde,VILLAVERDE,Mexico
VLS,Aero Virel,VIREL,Mexico
VLT,Vertical-T Air Company,VERTICAL,Russia
VLU,Valuair,VALUAIR,Singapore
VLV,Avialift Vladivostok,VLADLIFT,Russia
VLX,Biz Jet Charter,AVOLAR,United States
VMA,Vero Monmouth Airlines,VERO MONMOUTH,United States
VME,Aviacion Comercial de America,AVIAMERICA,Mexico
VMM,Grupo Vuelos Mediterraneo,VUELOS MED,Spain
VMP,Execujet Scandinavia,VAMPIRE,Denmark
VMR,Aero Vilamoura,AERO VILAMOURA,Portugal
VNA,Empresa Aviacion Interamericana,EBBA,Uruguay
VNE,Empresa Venezolana,VENEZOLANA,Venezuela
VNG,Aero Servicios Vanguardia,VANGUARDIA,Mexico
VNK,Vipport Joint Stock Company,,Russia
VNP,Virgin Pacific,,Fiji
VNT,Avient Air Zambia,AVIENT,Zambia
VNZ,Tbilaviamsheni,TBILAVIA,Georgia
VOA,Viaggio Air,VIAGGIO,Bulgaria
VOE,VOLOTEA Airways,,Spain
VOG,Voyager Airlines,VOYAGER AIR,Bangladesh
VOI,Volaris,VOLARIS,Mexico
VOL,Blue Chip Jet,BLUE SPEED,Sweden
VOO,Volotea,Volotea,Spain
VOS,Rovos Air,ROVOS,South Africa
VOZ,Virgin Australia,VIRGIN,Australia
VPA,VIP Air,VIP TAXI,Slovakia
VPB,Veteran Air,VETERAN,Ukraine
VPP,Vintage Props and Jets,VINTAGE,United States
VPV,VIP-Avia,VIP AVIA,Georgia
VQI,Flyme (VP),,Maldives
VRA,Vertair,VERITAIR,United Kingdom
VRB,Silverback Cargo Freighters,SILVERBACK,Rwanda
VRC,Taxi de Veracruz,VERACRUZ,Mexico
VRD,Virgin America,REDWOOD,United States
VRE,Volare Airlines,UKRAINE VOLARE,Ukraine
VRI,Aerotaxi Villa Rica,VILLARICA,Mexico
VRL,Voar Lda,VOAR LINHAS,Angola
VRN,VRG Linhas Aereas,VARIG,Brazil
VRO,Aerovitro,AEROVITRO,Mexico
VRS,Sirvair,VAIRSA,Mexico
VRT,Averitt Air Charter,AVERITT,United States
VSA,Avstar Aviation,STARBIRD,South Africa
VSB,Vickers Limited,VICKERS,United Kingdom
VSC,AVESCA,AVESCA,Colombia
VSG,Visig Operaciones Aereas,VISIG,Spain
VSN,Vision Airways Corporation,VISION,Canada
VSO,Voronezh Aircraft Manufacturing Society,VASO,Russia
VSP,VASP,VASP,Brazil
VSR,Aviostart AS,AVIOSTART,Bulgaria
VSS,Virign Islands Seaplane Shuttle,WATERBIRD,United States
VSV,Scat Air,VLASTA,Kazakhstan
VTA,Air Tahiti,AIR TAHITI,French Polynesia
VTC,Vuelos Especializados Tollocan,VUELOS TOLLOCAN,Mexico
VTE,Corporate Flight Management,VOLUNTEER,United States
VTG,Aviacao Transportes Aereos e Cargas,ATACARGO,Angola
VTH,Vuelos Corporativos de Tehuacan,VUELOS TEHUACAN,Mexico
VTI,Air Vistara,,India
VTK,Vostok Airlines,VOSTOK,Russia
VTL,Victor Tagle Larrain,VITALA,Chile
VTM,Aeronaves TSM,AERONAVES TSM,Mexico
VTS,Everts Air Alaska/Everts Air Cargo,EVERTS,United States
VTT,Avia Trans Air Transport,VIATRANSPORT,Sudan
VTV,Vointeh,VOINTEH,Bulgaria
VTX,Verataxis,VERATAXIS,Mexico
VTY,Air Midwest,VICTORY,Nigeria
VUE,AD Aviation,FLIGHTVUE,United Kingdom
VUL,Elios,ELIOS,Italy
VUN,Air Ivoire,AIRIVOIRE,Ivory Coast
VUO,Aerovuelox,AEROVUELOX,Mexico
VUR,Vuelos Internos Privados VIP,VIPEC,Ecuador
VUS,Vuela Bus,VUELA BUS,Mexico
VVA,Aviast Air,IALSI,Russia
VVC,VivaColombia,,Colombia
VVF,Dunyaya Bakis Hava Tasimaciligi,WORLDFOCUS,Turkey
VVG,Aerovilla,AEROVILLA,Colombia
VVM,Viva Macau,JACKPOT,Macao
VVN,88,,Cyprus
VWA,Virginwings,,Germany
VXG,Avirex,AVIREX-GABON,Gabon
VXN,Sunset Aviation,VIXEN,United States
VXP,Mali Air Express,AVION EXPRESS,Mali
VXX,Aviaexpress Aircompany,EXPRESSAVIA,Ukraine
VYT,RAF Valley Flying Training Unit,ANGLESEY,United Kingdom
VZA,ViznAir,Brian,United States
VZL,Vzlyet,VZLYET,Russia
VZR,Aviazur,IAZUR,France
WAA,Westair Aviation,WESTAIR WINGS,Namibia
WAB,Aero Industries Inc,WABASH,United States
WAC,West African Cargo Airlines,WESTAF CARGO,Mauritania
WAD,Waddington FTU,VULCAN,United Kingdom
WAE,Western Air Express,WESTERN EXPRESS,United States
WAF,Flamenco Airways,FLAMENCO,United States
WAG,Wisconsin Air National Guard,,United States
WAJ,AirAsia Japan,WING ASIA,Japan
WAK,Wings of Alaska,WINGS ALASKA,United States
WAL,Western Airlines,WESTERN,United States
WAM,Air Taxi & Cargo,TAXI CARGO,Sudan
WAP,Arrow Panama,ARROW PANAMA,Panama
WAR,NZ Warbirds Association,WARBIRDS,New Zealand
WAS,Walsten Air Services,WALSTEN,Canada
WAT,Wings Air Transport,,Sudan
WAU,Wizz Air Ukraine,WIZZAIR UKRAINE,Ukraine
WAV,Warbelow's Air Ventures,WARBELOW,United States
WAW,Wings Airways,WING SHUTTLE,United States
WAY,Airways,GARONNE,France
WBA,Finncomm Airlines,WESTBIRD,Finland
WBR,Multi-Aero,WEBER,United States
WCA,West Coast Airways,WEST-LEONE,Sierra Leone
WCB,West Africa Airlines,KILO YANKEE,Ghana
WCC,Sport Air Travel,WEST COAST,United States
WCG,West Coast Airlines,WHISKY INDIA,Ghana
WCO,Columbia Helicopters,COLUMBIA HELI,United States
WCP,Primaris Airlines,WHITECAP,United States
WCR,West Caribbean Costa Rica,WEST CARIBBEAN,Costa Rica
WCW,West Caribbean Airways,,Colombia
WCY,Viking Express,TITAN AIR,United States
WDA,Wimbi Dira Airways,WIMBI DIRA,Democratic Republic of Congo
WDG,Ministry of Agriculture, Fisheries and Food,WATCHDOG
WDK,Oxford Air Services,WOODSTOCK,United Kingdom
WDL,WDL Aviation,WDL,Germany
WDR,Air Net Private Charter,WIND RIDER,United States
WDS,Four Winds Aviation,WINDS,United States
WDY,Phoenix Airline Services,WINDYCITY,United States
WEA,White Eagle Aviation,WHITE EAGLE,Poland
WEB,WebJet Linhas A,WEB-BRASIL,Brazil
WEC,Universal Airlines,AIRGO,United States
WEL,Veles, Ukrainian Aviation Company,VELES
WEN,WestJet Encore,Encore,Canada
WER,AeroWorld ,sovet,Russia
WES,Western Express Air Lines,WEST EX,Canada
WEV,Victoria International Airways,VICTORIA UGANDA,Uganda
WEW,West Wind Aviation,WESTWIND,Canada
WEX,Wings Express,WINGS EXPRESS,United States
WFC,Swift Copters,SWIFTCOPTERS,Switzerland
WFD,BAE Systems,AVRO,United Kingdom
WFO,Wilbur's Flight Operations,WILBURS,United States
WFX,Westfalia Express VA,,Germany
WGA,Vega Air Company,WEGA FRANKO,Ukraine
WGC,Worldways,,Canada
WGP,Williams Grand Prix Engineering,GRAND PRIX,United Kingdom
WGS,Airwings oy,AIRWINGS,Finland
WGT,Lion Air Services,WORLDGATE,United Kingdom
WHE,Westland Helicopters,WESTLAND,United Kingdom
WHR,Hummingbird Helicopter Service,WHIRLEYBIRD,United States
WHS,Wiking Helikopter Service,WEEKING,Germany
WHT,White,YOUNG SKY,Portugal
WHY,Air Sorel,AIR SOREL,Canada
WIA,Windward Islands Airways International,WINDWARD,Netherland
WIF,Widerøe,WIDEROE,Norway
WIG,Wiggins Airways,WIGGINS AIRWAYS,United States
WIL,Aero Air,WILLIAMETTE,United States
WIN,Winlink,WINLINK,Saint Lucia
WIS,Paccair,WISCAIR,United States
WIT,Wittering FTU,STRIKER,United Kingdom
WIW,V-avia Airline,VEE-AVIA,Ukraine
WIZ,Micromatter Technology Solutions,WIZARD,United Kingdom
WJA,WestJet,WESTJET,Canada
WKH,Kharkov Aircraft Manufacturing Company,WEST-KHARKOV,Ukraine
WLA,Airwaves Airlink,AIRLIMITED,Zambia
WLB,Wings of Lebanon Aviation,WING LEBANON,Lebanon
WLC,Welcome Air,WELCOMEAIR,Austria
WLG,Volga Aviaexpress,GOUMRAK,Russia
WLK,Skyrover CC,SKYWATCH,South Africa
WLR,Air Walser,AIRWALSER,Italy
WLS,Williams Air,WILLIAMS AIR,United States
WLT,Aviation Partners,WINGLET,United States
WLV,Aviation North,WOLVERINE,United States
WLX,West Air Luxembourg,WEST LUX,Luxembourg
WML,Chantilly Air,MARLIN,United States
WNA,Winair,WINAIR,United States
WNR,Wondair on Demand Aviation,WONDAIR,Spain
WOA,World Airways,WORLD,United States
WOK,Kovar Air,WOKAIR,Czech Republic
WOL,Wings Aviation,WINGJET,Guyana
WON,Wings Air,WINGS ABADI,Indonesia
WOW,Air Southwest,SWALLOW,United Kingdom
WPA,Western Pacific Airservice,WESTPAC,Solomon Islands
WPK,Air-Lift Associates,WOLFPACK,United States
WPR,Auckland Regional Rescue Helicopter Trust,WESTPAC RESCUE,New Zealand
WPT,Wapiti Aviation,WAPITI,Canada
WRA,White River Air Services,,Canada
WRC,Wind Rose Aviation,WIND ROSE,Ukraine
WRF,Wright Air Service,WRIGHT FLYER,United States
WRR,WRA Inc,WRAP AIR,United States
WRT,Wright Air Lines,WRIGHT-AIR,United States
WSA,Westgates Airlines,WESTATES,United States
WSC,Westair Cargo Airlines,WESTCAR,Cote d'Ivoire
WSF,West African Airlines,,Benin
WSG,Wasaya Airways,WASAYA,Canada
WSI,Wind Spirit Air,WIND SPIRIT,United States
WSL,Westflight Aviation,WEST LINE,United Kingdom
WSM,Wisman Aviation,WISMAN,United States
WSS,World Scale Airlines,,United States
WST,Western Air,WESTERN BAHAMAS,Bahamas
WTA,Africa West,WEST TOGO,Togo
WTC,Weasua Air Transport Company,WATCO,Liberia
WTF,West African Air Transport,WESTAF AIRTRANS,Senegal
WTJ,Whitejets,WHITEJET,Brazil
WTN,BAE Systems,TARNISH,United Kingdom
WTP,Westpoint Air,WESTPOINT,Canada
WTV,Western Aviators,WESTAVIA,United States
WVA,Hand D Aviation,WABASH VALLEY,United States
WVL,Wizz Air Hungary,WIZZBUL,Bulgaria
WWD,Westward Airways,WESTWARD,United States
WWI,Worldwide Jet Charter,WORLDWIDE,United States
WWL,Whyalla Airlines,,Australia
WWM,World Wing Aviation,MANAS WING,Kyrgyzstan
WWS,Worldwide Aviation Services,,Pakistan
WYC,Wycombe Air Centre,WYCOMBE,United Kingdom
WYG,Wyoming Airlines,WYOMING,United States
WYT,2 Sqn No 1 Elementary Flying Training School,,United Kingdom
WZP,Zip,ZIPPER,Canada
WZZ,Wizz Air,WIZZ AIR,Hungary
XAA,Aeronautical Radio Inc,,United States
XAB,Xabre Aerolineas,AERO XABRE,Mexico
XAC,Air Charter World,,United States
XAD,Certified Air Dispatch,,United States
XAF,Executive Air Fleet,,United States
XAH,Executive Aircraft Services,,United Kingdom
XAK,Airkenya,SUNEXPRESS,Kenya
XAM,AMR Services Corporation,ALLIANCE,United States
XAN,Southjet cargo,,United States
XAO,Airline Operations Services,,United States
XAP,Direct Air trading as Midway Connection,MID-TOWN,United States
XAR,Travel Express Aviation Services,TRAVEL EXPRESS,Indonesia
XAS,PHH Aviation System,,United States
XAT,AT and T Aviation Division,,United States
XAU,XAIR USA,XAIR,United States
XAV,Aviaprom Enterprises,AVIAPROM,Russia
XAX,AirAsia X,XANADU,Malaysia
XBG,City of Bangor,,United States
XBM,CBM America,AIRMAX,United States
XBO,Baseops International,,United States
XCC,Ecoturistica de Xcalak,XCALAK,Mexico
XCL,Contel ASC,,United States
XCO,Compuflight Operations Service,,United States
XCS,Compuserve Incorporated,,United States
XCT,Aero Costa Taxi Aereo,AEROCOSTAXI,Mexico
XCX,Citibank,,United States
XDA,Bureau Veritas,,France
XDD,Lockheed DUATS,,United States
XDS,Dispatch Services,,United States
XDT,Date Transformation Corp,,United States
XDY,Dynair Services,,United States
XEC,Air Executive Charter,,Germany
XEL,Excel Charter,HELI EXCEL,United Kingdom
XER,Xerox Corporation,XEROX,United States
XFS,American Flight Service Systems,,United States
XFX,Airways Corporation of New Zealand,AIRCORP,New Zealand
XGA,General Aviation Terminal,,Canada
XGG,IMP Group Aviation Services,,Canada
XGS,Global System,,United States
XGW,Global Weather Dynamics,,United States
XIA,Irving Oil,,Canada
XJA,Assistance Aeroportuaire de L'Aeroport de Paris,,France
XJC,Xclusive Jet Charter Limited,EXCLUSIVE JET,United Kingdom
XJT,Xjet Limited,XRAY,United Kingdom
XKA,Kavouras Inc,,United States
XKX,ASECNA,,France
XLA,Excel Airways,EXPO,United Kingdom
XLB,Aircraft Performance Group,,United States
XLD,Jeppesen Data Plan,,United States
XLG,Lockheed Air Terminal,,United States
XLK,Safarilink Aviation,SAFARILINK,Kenya
XLL,Air Excel,TINGA-TINGA,Tanzania
XLT,Empressa Brasileira de Infra-Estrutura Aeroportuaria-Infraero,INFRAERO,Brazil
XMA,Martin Aviation Services,,United States
XME,Australian air Express,AUS-CARGO,Australia
XMG,AMS Group,,Russia
XMR,Irish Aviation Authority,AUTHORITY,Ireland
XMS,British Airways,SANTA,United Kingdom
XMX,SENEAM,SENEAM,Mexico
XNA,Express Net Airlines,EXPRESSNET,United States
XNC,Canadian National Telecommunications,,Canada
XNR,Taxi Aero Del Norte,TAXI NORTE,Mexico
XNS,Navtech System Support,,Canada
XNT,Notams International,,United States
XNV,Navinc Airlines Services,,United States
XOJ,XOJET,,United States
XPA,Pan Am Weather Systems,,United States
XPE,Amira Air,EXPERT,Austria
XPG,Southport Air Service,,United States
XPL,Express Line Aircompany,EXPRESSLINE,United States
XPR,Air-Rep,,United States
XPS,XP Internation,XP PARCEL,Netherlands
XPT,XPTO,XPTO,Portugal
XPX,Phoenix Flight Operations,,United States
XRA,Intensive Air,INTENSIVE,South Africa
XSA,Spectrum Air Service,,United States
XSL,Embry-Riddle Aeronautical University,SATSLAB,United States
XSN,Stephenville Aviation Services,,Canada
XSR,Executive AirShare,,United States
XSS,Aero Express Intercontinental,INTER EXPRESS,Mexico
XTA,Servicios Aereos Textra,TEXTRA,Mexico
XTJ,Advance Aviation Services,,United States
XTO,Express Tours,EXPRESS TOURS,Canada
XTR,Sector Airlines,EXTER,Canada
XWS,WSI Corporation,,United States
XWW,World Weatherwatch,,Canada
XXS,Skyplan Services,,Canada
XXV,AASANA,,Bolivia
XXX,ASL,,Belgium
XYZ,Island Air Express,RAINBIRD,United States
YAK,Yakolev,YAK AVIA,Russia
YBE,Stewart Aviation Services,YELLOW BIRD,United States
YCC,Ciel Canadien,Ciel,Canada
YCP,Canadian National Airways,CaNational,Canada
YEL,Yellowtail,,United States
YEP,YES Airways,,Poland
YFS,Young Flying Service,YOUNG AIR,United States
YOG,Central Aviation,YOGAN AIR,United States
YRG,Air Yugoslavia,YUGAIR,Serbia
YYY,ICAO,,
YZR,Yangtze River Express,YANGTZE RIVER,China
YZZ,LSM AIRLINES ,Moscow frog ,Russia
ZAI,Zaire Aero Service,ZASAIR,Democratic Republic of Congo
ZAK,Airlink Zambia,,Zambia
ZAN,Zantop International Airlines,ZANTOP,United States
ZAR,Zairean Airlines,ZAIREAN,Democratic Republic of Congo
ZAS,ZAS Airlines of Egypt,ZAS AIRLINES,Egypt
ZAW,Zoom Airways,ZED AIR,Bangladesh
ZBA,Boskovic Air Charters Limited,BOSKY,Kenya
ZCS,Southjet connect,,United States
ZMA,Zambezi Airlines,ZAMBEZI WINGS,Zambia
ZNA,Zenith International Airline,ZENITH,Thailand
ZTF,Mongolian International Air Lines ,Mongol_AIr ,Mongolia
ZTT,ZABAIKAL AIRLINES,BAIKAL ,Russia
ZXY,Japan Regio,,Japan
ZYZ,Caribbean Wings,caribbean Wings,Turks and Caicos Islands
ZZM,Agence Nationale des Aerodromes et de la Meteorologie,,Ivory Coast
ZZZ,Zabaykalskii Airlines,Lakeair,Russia
